id,gender,customer_region,income_group_id,vechile_segment_id,created_at,updated_at
400,Male,North,1,1,"2022-02-28 22:02:38","2022-02-28 22:02:38"
401,Male,South,2,1,"2022-02-28 22:02:38","2022-02-28 22:02:38"
402,Male,East,3,1,"2022-02-28 22:02:38","2022-02-28 22:02:38"
403,Male,West,2,1,"2022-02-28 22:02:38","2022-02-28 22:02:38"
404,Male,North,2,1,"2022-02-28 22:02:38","2022-02-28 22:02:38"
405,Male,North,2,1,"2022-02-28 22:02:38","2022-02-28 22:02:38"
406,Male,North,2,1,"2022-02-28 22:02:38","2022-02-28 22:02:38"
407,Male,North,2,1,"2022-02-28 22:02:38","2022-02-28 22:02:38"
408,Male,North,2,1,"2022-02-28 22:02:38","2022-02-28 22:02:38"
409,Male,North,2,1,"2022-02-28 22:02:38","2022-02-28 22:02:38"
410,Male,North,2,1,"2022-02-28 22:02:38","2022-02-28 22:02:38"
411,Male,North,2,1,"2022-02-28 22:02:38","2022-02-28 22:02:38"
412,Male,North,2,1,"2022-02-28 22:02:38","2022-02-28 22:02:38"
413,Male,North,2,1,"2022-02-28 22:02:38","2022-02-28 22:02:38"
414,Male,North,2,1,"2022-02-28 22:02:38","2022-02-28 22:02:38"
415,Male,North,2,1,"2022-02-28 22:02:38","2022-02-28 22:02:38"
416,Male,North,2,1,"2022-02-28 22:02:38","2022-02-28 22:02:38"
417,Male,North,2,1,"2022-02-28 22:02:38","2022-02-28 22:02:38"
418,Male,North,2,1,"2022-02-28 22:02:38","2022-02-28 22:02:38"
419,Male,North,2,1,"2022-02-28 22:02:38","2022-02-28 22:02:38"
420,Male,North,2,1,"2022-02-28 22:02:38","2022-02-28 22:02:38"
755,Male,North,2,1,"2022-02-28 22:02:38","2022-02-28 22:02:38"
756,Male,North,2,1,"2022-02-28 22:02:38","2022-02-28 22:02:38"
757,Male,North,2,1,"2022-02-28 22:02:38","2022-02-28 22:02:38"
758,Male,North,2,1,"2022-02-28 22:02:38","2022-02-28 22:02:38"
759,Male,North,2,1,"2022-02-28 22:02:38","2022-02-28 22:02:38"
760,Male,North,2,1,"2022-02-28 22:02:38","2022-02-28 22:02:38"
761,Male,North,2,1,"2022-02-28 22:02:38","2022-02-28 22:02:38"
762,Male,North,2,1,"2022-02-28 22:02:38","2022-02-28 22:02:38"
763,Male,South,2,1,"2022-02-28 22:02:38","2022-02-28 22:02:38"
764,Male,South,2,1,"2022-02-28 22:02:38","2022-02-28 22:02:38"
765,Male,South,2,1,"2022-02-28 22:02:38","2022-02-28 22:02:38"
766,Male,South,2,1,"2022-02-28 22:02:38","2022-02-28 22:02:38"
767,Male,South,2,1,"2022-02-28 22:02:38","2022-02-28 22:02:38"
768,Male,South,2,1,"2022-02-28 22:02:38","2022-02-28 22:02:38"
769,Male,South,2,1,"2022-02-28 22:02:38","2022-02-28 22:02:38"
770,Male,South,2,1,"2022-02-28 22:02:38","2022-02-28 22:02:38"
771,Male,South,2,1,"2022-02-28 22:02:38","2022-02-28 22:02:38"
772,Male,South,2,1,"2022-02-28 22:02:38","2022-02-28 22:02:38"
773,Male,South,2,1,"2022-02-28 22:02:38","2022-02-28 22:02:38"
774,Male,South,2,1,"2022-02-28 22:02:38","2022-02-28 22:02:38"
775,Male,South,2,1,"2022-02-28 22:02:38","2022-02-28 22:02:38"
776,Male,South,2,1,"2022-02-28 22:02:38","2022-02-28 22:02:38"
777,Male,South,2,1,"2022-02-28 22:02:38","2022-02-28 22:02:38"
778,Male,South,2,1,"2022-02-28 22:02:38","2022-02-28 22:02:38"
779,Male,South,2,1,"2022-02-28 22:02:38","2022-02-28 22:02:38"
780,Male,South,2,1,"2022-02-28 22:02:38","2022-02-28 22:02:38"
781,Male,South,2,1,"2022-02-28 22:02:38","2022-02-28 22:02:38"
782,Male,South,2,1,"2022-02-28 22:02:38","2022-02-28 22:02:38"
783,Male,South,2,1,"2022-02-28 22:02:38","2022-02-28 22:02:38"
784,Male,South,2,1,"2022-02-28 22:02:38","2022-02-28 22:02:38"
785,Male,South,2,1,"2022-02-28 22:02:38","2022-02-28 22:02:38"
786,Male,South,2,1,"2022-02-28 22:02:38","2022-02-28 22:02:38"
787,Male,South,2,1,"2022-02-28 22:02:38","2022-02-28 22:02:38"
788,Male,South,2,1,"2022-02-28 22:02:38","2022-02-28 22:02:38"
789,Male,South,2,1,"2022-02-28 22:02:38","2022-02-28 22:02:38"
790,Male,South,2,1,"2022-02-28 22:02:38","2022-02-28 22:02:38"
791,Male,South,2,1,"2022-02-28 22:02:38","2022-02-28 22:02:38"
792,Male,South,2,1,"2022-02-28 22:02:38","2022-02-28 22:02:38"
793,Male,South,2,1,"2022-02-28 22:02:38","2022-02-28 22:02:38"
794,Male,South,2,1,"2022-02-28 22:02:38","2022-02-28 22:02:38"
795,Male,South,2,1,"2022-02-28 22:02:38","2022-02-28 22:02:38"
796,Male,South,2,1,"2022-02-28 22:02:38","2022-02-28 22:02:38"
797,Male,South,2,1,"2022-02-28 22:02:38","2022-02-28 22:02:38"
798,Male,South,2,1,"2022-02-28 22:02:38","2022-02-28 22:02:38"
799,Male,South,2,1,"2022-02-28 22:02:38","2022-02-28 22:02:38"
800,Male,South,2,1,"2022-02-28 22:02:38","2022-02-28 22:02:38"
801,Male,South,2,1,"2022-02-28 22:02:38","2022-02-28 22:02:38"
802,Male,South,2,1,"2022-02-28 22:02:38","2022-02-28 22:02:38"
803,Male,South,2,1,"2022-02-28 22:02:38","2022-02-28 22:02:38"
804,Male,South,2,1,"2022-02-28 22:02:38","2022-02-28 22:02:38"
805,Male,South,2,1,"2022-02-28 22:02:38","2022-02-28 22:02:38"
806,Male,South,2,1,"2022-02-28 22:02:38","2022-02-28 22:02:38"
807,Male,South,2,1,"2022-02-28 22:02:38","2022-02-28 22:02:38"
808,Male,South,2,1,"2022-02-28 22:02:38","2022-02-28 22:02:38"
809,Male,South,2,1,"2022-02-28 22:02:38","2022-02-28 22:02:38"
810,Male,South,2,1,"2022-02-28 22:02:38","2022-02-28 22:02:38"
811,Male,South,2,1,"2022-02-28 22:02:38","2022-02-28 22:02:38"
812,Male,South,2,1,"2022-02-28 22:02:38","2022-02-28 22:02:38"
813,Male,South,2,1,"2022-02-28 22:02:38","2022-02-28 22:02:38"
814,Male,South,2,1,"2022-02-28 22:02:38","2022-02-28 22:02:38"
815,Male,South,2,1,"2022-02-28 22:02:38","2022-02-28 22:02:38"
816,Male,South,2,1,"2022-02-28 22:02:38","2022-02-28 22:02:38"
817,Male,South,2,1,"2022-02-28 22:02:38","2022-02-28 22:02:38"
818,Male,South,2,1,"2022-02-28 22:02:38","2022-02-28 22:02:38"
819,Male,South,2,1,"2022-02-28 22:02:38","2022-02-28 22:02:38"
820,Male,South,2,1,"2022-02-28 22:02:38","2022-02-28 22:02:38"
821,Male,South,2,1,"2022-02-28 22:02:38","2022-02-28 22:02:38"
822,Male,South,2,1,"2022-02-28 22:02:38","2022-02-28 22:02:38"
823,Male,South,2,1,"2022-02-28 22:02:38","2022-02-28 22:02:38"
824,Male,South,2,1,"2022-02-28 22:02:38","2022-02-28 22:02:38"
825,Male,South,2,1,"2022-02-28 22:02:38","2022-02-28 22:02:38"
826,Male,South,2,1,"2022-02-28 22:02:38","2022-02-28 22:02:38"
827,Male,South,2,1,"2022-02-28 22:02:38","2022-02-28 22:02:38"
828,Male,South,2,1,"2022-02-28 22:02:38","2022-02-28 22:02:38"
829,Male,South,2,1,"2022-02-28 22:02:38","2022-02-28 22:02:38"
830,Male,South,2,1,"2022-02-28 22:02:38","2022-02-28 22:02:38"
831,Male,South,2,1,"2022-02-28 22:02:38","2022-02-28 22:02:38"
832,Male,South,2,1,"2022-02-28 22:02:38","2022-02-28 22:02:38"
833,Male,South,2,1,"2022-02-28 22:02:38","2022-02-28 22:02:38"
834,Male,South,2,1,"2022-02-28 22:02:38","2022-02-28 22:02:38"
835,Male,South,2,1,"2022-02-28 22:02:38","2022-02-28 22:02:38"
836,Male,South,2,1,"2022-02-28 22:02:38","2022-02-28 22:02:38"
837,Male,South,2,1,"2022-02-28 22:02:38","2022-02-28 22:02:38"
838,Male,South,2,1,"2022-02-28 22:02:38","2022-02-28 22:02:38"
839,Male,South,2,1,"2022-02-28 22:02:38","2022-02-28 22:02:38"
840,Male,South,2,1,"2022-02-28 22:02:38","2022-02-28 22:02:38"
995,Male,South,3,1,"2022-02-28 22:02:38","2022-02-28 22:02:38"
996,Male,South,3,1,"2022-02-28 22:02:38","2022-02-28 22:02:38"
997,Male,South,3,1,"2022-02-28 22:02:38","2022-02-28 22:02:38"
998,Male,South,3,1,"2022-02-28 22:02:38","2022-02-28 22:02:38"
999,Male,South,3,1,"2022-02-28 22:02:38","2022-02-28 22:02:38"
1000,Male,South,3,1,"2022-02-28 22:02:38","2022-02-28 22:02:38"
1001,Male,South,3,1,"2022-02-28 22:02:38","2022-02-28 22:02:38"
1002,Male,South,3,1,"2022-02-28 22:02:38","2022-02-28 22:02:38"
1003,Male,South,3,1,"2022-02-28 22:02:38","2022-02-28 22:02:38"
1004,Male,South,3,2,"2022-02-28 22:02:38","2022-02-28 22:02:38"
1005,Male,South,3,2,"2022-02-28 22:02:38","2022-02-28 22:02:38"
1006,Male,South,3,2,"2022-02-28 22:02:38","2022-02-28 22:02:38"
1007,Male,South,3,2,"2022-02-28 22:02:38","2022-02-28 22:02:38"
1008,Male,South,3,2,"2022-02-28 22:02:38","2022-02-28 22:02:38"
1009,Male,South,3,2,"2022-02-28 22:02:38","2022-02-28 22:02:38"
1010,Male,South,3,2,"2022-02-28 22:02:38","2022-02-28 22:02:38"
1011,Male,South,3,2,"2022-02-28 22:02:38","2022-02-28 22:02:38"
1012,Male,South,3,2,"2022-02-28 22:02:38","2022-02-28 22:02:38"
1013,Male,South,3,2,"2022-02-28 22:02:38","2022-02-28 22:02:38"
1014,Male,South,3,2,"2022-02-28 22:02:38","2022-02-28 22:02:38"
1015,Male,South,3,2,"2022-02-28 22:02:38","2022-02-28 22:02:38"
1016,Male,South,3,2,"2022-02-28 22:02:38","2022-02-28 22:02:38"
1017,Male,South,3,2,"2022-02-28 22:02:38","2022-02-28 22:02:38"
1018,Male,South,3,2,"2022-02-28 22:02:38","2022-02-28 22:02:38"
1019,Male,South,3,2,"2022-02-28 22:02:38","2022-02-28 22:02:38"
1020,Male,South,3,2,"2022-02-28 22:02:38","2022-02-28 22:02:38"
1021,Male,South,3,2,"2022-02-28 22:02:38","2022-02-28 22:02:38"
1022,Male,South,3,2,"2022-02-28 22:02:38","2022-02-28 22:02:38"
1023,Male,South,3,2,"2022-02-28 22:02:38","2022-02-28 22:02:38"
1024,Male,South,3,2,"2022-02-28 22:02:38","2022-02-28 22:02:38"
1025,Male,South,3,2,"2022-02-28 22:02:38","2022-02-28 22:02:38"
1026,Male,South,3,2,"2022-02-28 22:02:38","2022-02-28 22:02:38"
1027,Male,South,3,2,"2022-02-28 22:02:38","2022-02-28 22:02:38"
1028,Male,South,3,2,"2022-02-28 22:02:38","2022-02-28 22:02:38"
1029,Male,South,3,2,"2022-02-28 22:02:38","2022-02-28 22:02:38"
1030,Male,South,3,2,"2022-02-28 22:02:38","2022-02-28 22:02:38"
1031,Male,South,3,2,"2022-02-28 22:02:38","2022-02-28 22:02:38"
1032,Male,South,3,2,"2022-02-28 22:02:38","2022-02-28 22:02:38"
1033,Male,South,3,2,"2022-02-28 22:02:38","2022-02-28 22:02:38"
1034,Male,South,3,2,"2022-02-28 22:02:38","2022-02-28 22:02:38"
1035,Male,South,3,2,"2022-02-28 22:02:38","2022-02-28 22:02:38"
1036,Male,South,3,2,"2022-02-28 22:02:38","2022-02-28 22:02:38"
1037,Male,South,3,2,"2022-02-28 22:02:38","2022-02-28 22:02:38"
1038,Male,South,3,2,"2022-02-28 22:02:38","2022-02-28 22:02:38"
1039,Male,South,3,2,"2022-02-28 22:02:38","2022-02-28 22:02:38"
1040,Male,South,3,2,"2022-02-28 22:02:38","2022-02-28 22:02:38"
1041,Male,South,3,2,"2022-02-28 22:02:38","2022-02-28 22:02:38"
1042,Male,South,3,2,"2022-02-28 22:02:38","2022-02-28 22:02:38"
1043,Male,South,2,2,"2022-02-28 22:02:38","2022-02-28 22:02:38"
1044,Male,South,2,2,"2022-02-28 22:02:38","2022-02-28 22:02:38"
1045,Male,South,2,2,"2022-02-28 22:02:38","2022-02-28 22:02:38"
1046,Male,South,2,2,"2022-02-28 22:02:38","2022-02-28 22:02:38"
1047,Male,South,2,2,"2022-02-28 22:02:38","2022-02-28 22:02:38"
1048,Male,South,2,2,"2022-02-28 22:02:38","2022-02-28 22:02:38"
1049,Male,South,2,2,"2022-02-28 22:02:38","2022-02-28 22:02:38"
1050,Male,South,2,2,"2022-02-28 22:02:38","2022-02-28 22:02:38"
1051,Male,South,2,2,"2022-02-28 22:02:38","2022-02-28 22:02:38"
1052,Male,South,2,2,"2022-02-28 22:02:38","2022-02-28 22:02:38"
1053,Male,South,2,2,"2022-02-28 22:02:38","2022-02-28 22:02:38"
1054,Male,South,2,2,"2022-02-28 22:02:38","2022-02-28 22:02:38"
1055,Male,South,2,2,"2022-02-28 22:02:38","2022-02-28 22:02:38"
1056,Male,South,2,2,"2022-02-28 22:02:38","2022-02-28 22:02:38"
1057,Male,South,2,2,"2022-02-28 22:02:38","2022-02-28 22:02:38"
1058,Male,South,2,2,"2022-02-28 22:02:38","2022-02-28 22:02:38"
1059,Male,South,2,2,"2022-02-28 22:02:38","2022-02-28 22:02:38"
1060,Male,South,2,2,"2022-02-28 22:02:38","2022-02-28 22:02:38"
1061,Male,South,2,2,"2022-02-28 22:02:38","2022-02-28 22:02:38"
1062,Male,South,2,2,"2022-02-28 22:02:38","2022-02-28 22:02:38"
1063,Male,South,2,2,"2022-02-28 22:02:38","2022-02-28 22:02:38"
1064,Male,South,2,2,"2022-02-28 22:02:38","2022-02-28 22:02:38"
1065,Male,South,2,2,"2022-02-28 22:02:38","2022-02-28 22:02:38"
1066,Male,South,2,2,"2022-02-28 22:02:38","2022-02-28 22:02:38"
1067,Male,South,2,2,"2022-02-28 22:02:38","2022-02-28 22:02:38"
1068,Male,South,2,2,"2022-02-28 22:02:38","2022-02-28 22:02:38"
1069,Male,South,2,2,"2022-02-28 22:02:38","2022-02-28 22:02:38"
1070,Male,South,2,2,"2022-02-28 22:02:38","2022-02-28 22:02:38"
1071,Male,South,2,2,"2022-02-28 22:02:38","2022-02-28 22:02:38"
1072,Male,South,2,2,"2022-02-28 22:02:38","2022-02-28 22:02:38"
1073,Male,South,2,2,"2022-02-28 22:02:38","2022-02-28 22:02:38"
1074,Male,South,2,2,"2022-02-28 22:02:38","2022-02-28 22:02:38"
1075,Male,South,2,2,"2022-02-28 22:02:38","2022-02-28 22:02:38"
1076,Male,South,2,2,"2022-02-28 22:02:38","2022-02-28 22:02:38"
1077,Male,South,2,2,"2022-02-28 22:02:38","2022-02-28 22:02:38"
1078,Male,South,2,2,"2022-02-28 22:02:38","2022-02-28 22:02:38"
1079,Male,South,2,2,"2022-02-28 22:02:38","2022-02-28 22:02:38"
1080,Male,South,2,2,"2022-02-28 22:02:38","2022-02-28 22:02:38"
1081,Male,South,2,2,"2022-02-28 22:02:38","2022-02-28 22:02:38"
1082,Male,South,2,2,"2022-02-28 22:02:38","2022-02-28 22:02:38"
1083,Male,South,2,2,"2022-02-28 22:02:38","2022-02-28 22:02:38"
1084,Male,South,2,2,"2022-02-28 22:02:38","2022-02-28 22:02:38"
1085,Male,South,2,2,"2022-02-28 22:02:38","2022-02-28 22:02:38"
1086,Male,South,2,2,"2022-02-28 22:02:38","2022-02-28 22:02:38"
1087,Male,South,2,2,"2022-02-28 22:02:38","2022-02-28 22:02:38"
1088,Male,South,2,2,"2022-02-28 22:02:38","2022-02-28 22:02:38"
1089,Male,South,2,2,"2022-02-28 22:02:38","2022-02-28 22:02:38"
1090,Male,South,2,2,"2022-02-28 22:02:38","2022-02-28 22:02:38"
1091,Male,South,2,2,"2022-02-28 22:02:38","2022-02-28 22:02:38"
1092,Male,South,2,2,"2022-02-28 22:02:38","2022-02-28 22:02:38"
1093,Male,South,2,2,"2022-02-28 22:02:38","2022-02-28 22:02:38"
1094,Male,South,2,2,"2022-02-28 22:02:38","2022-02-28 22:02:38"
1095,Male,South,2,2,"2022-02-28 22:02:38","2022-02-28 22:02:38"
1096,Male,South,2,2,"2022-02-28 22:02:38","2022-02-28 22:02:38"
1097,Male,South,2,2,"2022-02-28 22:02:38","2022-02-28 22:02:38"
1098,Male,South,2,2,"2022-02-28 22:02:38","2022-02-28 22:02:38"
1099,Male,South,2,2,"2022-02-28 22:02:38","2022-02-28 22:02:38"
1100,Male,South,2,2,"2022-02-28 22:02:38","2022-02-28 22:02:38"
1101,Male,South,2,2,"2022-02-28 22:02:38","2022-02-28 22:02:38"
1102,Male,South,2,2,"2022-02-28 22:02:38","2022-02-28 22:02:38"
1103,Male,South,2,2,"2022-02-28 22:02:38","2022-02-28 22:02:38"
1104,Male,South,2,2,"2022-02-28 22:02:38","2022-02-28 22:02:38"
1105,Male,South,2,2,"2022-02-28 22:02:38","2022-02-28 22:02:38"
1106,Male,South,2,2,"2022-02-28 22:02:38","2022-02-28 22:02:38"
1107,Male,South,2,2,"2022-02-28 22:02:38","2022-02-28 22:02:38"
1108,Male,South,2,2,"2022-02-28 22:02:38","2022-02-28 22:02:38"
1109,Male,South,2,2,"2022-02-28 22:02:38","2022-02-28 22:02:38"
1110,Male,South,2,2,"2022-02-28 22:02:38","2022-02-28 22:02:38"
1111,Male,South,2,2,"2022-02-28 22:02:38","2022-02-28 22:02:38"
1112,Male,South,2,2,"2022-02-28 22:02:38","2022-02-28 22:02:38"
1113,Male,South,2,2,"2022-02-28 22:02:38","2022-02-28 22:02:38"
1114,Male,South,2,2,"2022-02-28 22:02:38","2022-02-28 22:02:38"
1115,Male,South,2,2,"2022-02-28 22:02:38","2022-02-28 22:02:38"
1116,Male,South,2,2,"2022-02-28 22:02:38","2022-02-28 22:02:38"
1117,Male,South,2,2,"2022-02-28 22:02:38","2022-02-28 22:02:38"
1118,Male,South,2,2,"2022-02-28 22:02:38","2022-02-28 22:02:38"
1119,Male,South,2,2,"2022-02-28 22:02:38","2022-02-28 22:02:38"
1120,Male,South,2,2,"2022-02-28 22:02:38","2022-02-28 22:02:38"
1121,Male,South,2,2,"2022-02-28 22:02:38","2022-02-28 22:02:38"
1122,Male,South,2,2,"2022-02-28 22:02:38","2022-02-28 22:02:38"
1123,Male,South,2,2,"2022-02-28 22:02:38","2022-02-28 22:02:38"
1124,Male,South,2,2,"2022-02-28 22:02:38","2022-02-28 22:02:38"
1125,Male,South,2,2,"2022-02-28 22:02:38","2022-02-28 22:02:38"
1126,Male,South,2,2,"2022-02-28 22:02:38","2022-02-28 22:02:38"
1127,Male,South,2,2,"2022-02-28 22:02:38","2022-02-28 22:02:38"
1128,Male,East,2,2,"2022-02-28 22:02:38","2022-02-28 22:02:38"
1129,Male,East,2,2,"2022-02-28 22:02:38","2022-02-28 22:02:38"
1130,Male,East,2,2,"2022-02-28 22:02:38","2022-02-28 22:02:38"
1131,Male,East,2,2,"2022-02-28 22:02:38","2022-02-28 22:02:38"
1132,Male,East,2,2,"2022-02-28 22:02:38","2022-02-28 22:02:38"
1133,Male,East,2,2,"2022-02-28 22:02:38","2022-02-28 22:02:38"
1134,Male,East,2,2,"2022-02-28 22:02:38","2022-02-28 22:02:38"
1135,Male,East,2,2,"2022-02-28 22:02:38","2022-02-28 22:02:38"
1136,Male,East,2,2,"2022-02-28 22:02:38","2022-02-28 22:02:38"
1137,Male,East,2,2,"2022-02-28 22:02:38","2022-02-28 22:02:38"
1138,Male,East,2,2,"2022-02-28 22:02:38","2022-02-28 22:02:38"
1139,Male,East,2,2,"2022-02-28 22:02:38","2022-02-28 22:02:38"
1140,Male,East,2,2,"2022-02-28 22:02:38","2022-02-28 22:02:38"
1141,Male,East,2,2,"2022-02-28 22:02:38","2022-02-28 22:02:38"
1142,Male,East,2,2,"2022-02-28 22:02:38","2022-02-28 22:02:38"
1143,Male,East,2,2,"2022-02-28 22:02:38","2022-02-28 22:02:38"
1144,Male,East,2,2,"2022-02-28 22:02:38","2022-02-28 22:02:38"
1145,Male,East,2,2,"2022-02-28 22:02:38","2022-02-28 22:02:38"
1146,Male,East,2,2,"2022-02-28 22:02:38","2022-02-28 22:02:38"
1147,Male,East,2,2,"2022-02-28 22:02:38","2022-02-28 22:02:38"
1148,Male,East,2,2,"2022-02-28 22:02:38","2022-02-28 22:02:38"
1149,Male,East,2,2,"2022-02-28 22:02:38","2022-02-28 22:02:38"
1150,Male,East,2,2,"2022-02-28 22:02:38","2022-02-28 22:02:38"
1151,Male,East,2,2,"2022-02-28 22:02:38","2022-02-28 22:02:38"
1152,Male,East,2,2,"2022-02-28 22:02:38","2022-02-28 22:02:38"
1153,Male,East,2,2,"2022-02-28 22:02:38","2022-02-28 22:02:38"
1154,Male,East,2,2,"2022-02-28 22:02:38","2022-02-28 22:02:38"
1155,Male,East,2,2,"2022-02-28 22:02:38","2022-02-28 22:02:38"
1156,Male,East,2,2,"2022-02-28 22:02:38","2022-02-28 22:02:38"
1157,Male,East,2,2,"2022-02-28 22:02:38","2022-02-28 22:02:38"
1158,Male,East,2,2,"2022-02-28 22:02:38","2022-02-28 22:02:38"
1159,Male,East,2,2,"2022-02-28 22:02:38","2022-02-28 22:02:38"
1160,Male,East,2,2,"2022-02-28 22:02:38","2022-02-28 22:02:38"
1161,Male,East,2,2,"2022-02-28 22:02:38","2022-02-28 22:02:38"
1162,Male,East,2,2,"2022-02-28 22:02:38","2022-02-28 22:02:38"
1163,Male,East,2,2,"2022-02-28 22:02:38","2022-02-28 22:02:38"
1164,Male,East,2,2,"2022-02-28 22:02:38","2022-02-28 22:02:38"
1165,Male,East,2,2,"2022-02-28 22:02:38","2022-02-28 22:02:38"
1166,Male,East,2,2,"2022-02-28 22:02:38","2022-02-28 22:02:38"
1167,Male,East,1,2,"2022-02-28 22:02:38","2022-02-28 22:02:38"
1168,Male,East,1,2,"2022-02-28 22:02:38","2022-02-28 22:02:38"
1169,Male,East,1,2,"2022-02-28 22:02:38","2022-02-28 22:02:38"
1170,Male,East,1,2,"2022-02-28 22:02:38","2022-02-28 22:02:38"
1171,Male,East,1,2,"2022-02-28 22:02:38","2022-02-28 22:02:38"
1172,Male,East,1,2,"2022-02-28 22:02:38","2022-02-28 22:02:38"
1173,Male,East,1,2,"2022-02-28 22:02:38","2022-02-28 22:02:38"
1174,Male,East,1,2,"2022-02-28 22:02:38","2022-02-28 22:02:38"
1175,Male,East,1,2,"2022-02-28 22:02:38","2022-02-28 22:02:38"
1176,Male,East,1,2,"2022-02-28 22:02:38","2022-02-28 22:02:38"
1177,Male,East,1,2,"2022-02-28 22:02:38","2022-02-28 22:02:38"
1178,Male,East,1,2,"2022-02-28 22:02:38","2022-02-28 22:02:38"
1179,Male,East,1,2,"2022-02-28 22:02:38","2022-02-28 22:02:38"
1180,Male,East,1,2,"2022-02-28 22:02:38","2022-02-28 22:02:38"
1181,Male,East,1,2,"2022-02-28 22:02:38","2022-02-28 22:02:38"
1182,Male,East,1,2,"2022-02-28 22:02:38","2022-02-28 22:02:38"
1183,Male,East,1,2,"2022-02-28 22:02:38","2022-02-28 22:02:38"
1184,Male,East,1,2,"2022-02-28 22:02:38","2022-02-28 22:02:38"
1185,Male,East,1,2,"2022-02-28 22:02:38","2022-02-28 22:02:38"
1186,Male,East,1,2,"2022-02-28 22:02:38","2022-02-28 22:02:38"
1187,Male,East,1,2,"2022-02-28 22:02:38","2022-02-28 22:02:38"
1188,Male,East,1,2,"2022-02-28 22:02:38","2022-02-28 22:02:38"
1189,Male,East,1,2,"2022-02-28 22:02:38","2022-02-28 22:02:38"
1190,Male,East,1,2,"2022-02-28 22:02:38","2022-02-28 22:02:38"
1191,Male,East,1,2,"2022-02-28 22:02:38","2022-02-28 22:02:38"
1192,Male,East,1,2,"2022-02-28 22:02:38","2022-02-28 22:02:38"
1193,Male,East,1,2,"2022-02-28 22:02:38","2022-02-28 22:02:38"
1194,Male,East,1,2,"2022-02-28 22:02:38","2022-02-28 22:02:38"
1195,Male,East,1,2,"2022-02-28 22:02:38","2022-02-28 22:02:38"
1196,Male,East,1,2,"2022-02-28 22:02:38","2022-02-28 22:02:38"
1197,Male,East,1,2,"2022-02-28 22:02:38","2022-02-28 22:02:38"
1198,Male,East,1,2,"2022-02-28 22:02:38","2022-02-28 22:02:38"
1199,Male,East,1,2,"2022-02-28 22:02:38","2022-02-28 22:02:38"
1200,Male,East,1,2,"2022-02-28 22:02:38","2022-02-28 22:02:38"
1201,Male,East,1,2,"2022-02-28 22:02:38","2022-02-28 22:02:38"
1202,Male,East,1,2,"2022-02-28 22:02:38","2022-02-28 22:02:38"
1203,Male,East,1,2,"2022-02-28 22:02:38","2022-02-28 22:02:38"
1204,Male,East,1,2,"2022-02-28 22:02:38","2022-02-28 22:02:38"
1205,Male,East,1,2,"2022-02-28 22:02:38","2022-02-28 22:02:38"
1206,Male,East,1,2,"2022-02-28 22:02:38","2022-02-28 22:02:38"
1207,Male,East,1,2,"2022-02-28 22:02:38","2022-02-28 22:02:38"
1208,Male,East,1,2,"2022-02-28 22:02:38","2022-02-28 22:02:38"
1209,Male,East,1,2,"2022-02-28 22:02:38","2022-02-28 22:02:38"
1210,Male,East,1,2,"2022-02-28 22:02:38","2022-02-28 22:02:38"
1211,Male,East,1,2,"2022-02-28 22:02:38","2022-02-28 22:02:38"
1212,Male,East,1,2,"2022-02-28 22:02:38","2022-02-28 22:02:38"
1213,Male,East,1,2,"2022-02-28 22:02:38","2022-02-28 22:02:38"
1214,Male,East,1,2,"2022-02-28 22:02:38","2022-02-28 22:02:38"
1215,Male,East,1,2,"2022-02-28 22:02:38","2022-02-28 22:02:38"
1216,Male,East,1,2,"2022-02-28 22:02:38","2022-02-28 22:02:38"
1217,Male,East,1,2,"2022-02-28 22:02:38","2022-02-28 22:02:38"
1218,Male,East,1,2,"2022-02-28 22:02:38","2022-02-28 22:02:38"
1219,Male,East,1,2,"2022-02-28 22:02:38","2022-02-28 22:02:38"
1220,Male,East,1,2,"2022-02-28 22:02:38","2022-02-28 22:02:38"
1221,Male,East,1,2,"2022-02-28 22:02:38","2022-02-28 22:02:38"
1222,Male,East,1,2,"2022-02-28 22:02:38","2022-02-28 22:02:38"
1223,Male,East,1,2,"2022-02-28 22:02:38","2022-02-28 22:02:38"
1224,Male,East,1,2,"2022-02-28 22:02:38","2022-02-28 22:02:38"
1225,Male,East,1,2,"2022-02-28 22:02:38","2022-02-28 22:02:38"
1226,Male,East,1,2,"2022-02-28 22:02:38","2022-02-28 22:02:38"
1227,Male,East,1,2,"2022-02-28 22:02:38","2022-02-28 22:02:38"
1228,Male,East,1,2,"2022-02-28 22:02:38","2022-02-28 22:02:38"
1229,Male,East,1,2,"2022-02-28 22:02:38","2022-02-28 22:02:38"
1230,Male,East,1,2,"2022-02-28 22:02:38","2022-02-28 22:02:38"
1231,Male,East,1,2,"2022-02-28 22:02:38","2022-02-28 22:02:38"
1232,Male,East,1,2,"2022-02-28 22:02:38","2022-02-28 22:02:38"
1233,Male,East,1,2,"2022-02-28 22:02:38","2022-02-28 22:02:38"
1234,Male,East,1,2,"2022-02-28 22:02:38","2022-02-28 22:02:38"
1235,Male,East,1,2,"2022-02-28 22:02:38","2022-02-28 22:02:38"
1236,Male,East,1,2,"2022-02-28 22:02:38","2022-02-28 22:02:38"
1237,Male,East,1,2,"2022-02-28 22:02:38","2022-02-28 22:02:38"
1238,Male,East,1,2,"2022-02-28 22:02:38","2022-02-28 22:02:38"
1239,Male,East,1,2,"2022-02-28 22:02:38","2022-02-28 22:02:38"
1240,Male,East,1,2,"2022-02-28 22:02:38","2022-02-28 22:02:38"
1241,Male,East,1,2,"2022-02-28 22:02:38","2022-02-28 22:02:38"
1242,Male,East,1,2,"2022-02-28 22:02:38","2022-02-28 22:02:38"
1243,Male,East,1,2,"2022-02-28 22:02:38","2022-02-28 22:02:38"
1244,Male,East,1,2,"2022-02-28 22:02:38","2022-02-28 22:02:38"
1245,Male,East,1,2,"2022-02-28 22:02:38","2022-02-28 22:02:38"
1246,Male,East,1,2,"2022-02-28 22:02:38","2022-02-28 22:02:38"
1247,Male,East,1,2,"2022-02-28 22:02:38","2022-02-28 22:02:38"
1248,Male,East,1,2,"2022-02-28 22:02:38","2022-02-28 22:02:38"
1249,Male,East,1,2,"2022-02-28 22:02:38","2022-02-28 22:02:38"
1250,Male,East,1,2,"2022-02-28 22:02:38","2022-02-28 22:02:38"
1251,Male,East,1,2,"2022-02-28 22:02:38","2022-02-28 22:02:38"
1252,Male,East,1,2,"2022-02-28 22:02:38","2022-02-28 22:02:38"
1253,Male,East,1,2,"2022-02-28 22:02:38","2022-02-28 22:02:38"
1254,Male,East,1,2,"2022-02-28 22:02:38","2022-02-28 22:02:38"
1255,Male,East,1,2,"2022-02-28 22:02:38","2022-02-28 22:02:38"
1256,Male,East,1,2,"2022-02-28 22:02:38","2022-02-28 22:02:38"
1257,Male,East,1,2,"2022-02-28 22:02:38","2022-02-28 22:02:38"
1258,Male,East,1,2,"2022-02-28 22:02:38","2022-02-28 22:02:38"
1259,Male,East,1,2,"2022-02-28 22:02:38","2022-02-28 22:02:38"
1260,Male,East,1,2,"2022-02-28 22:02:38","2022-02-28 22:02:38"
1261,Male,East,1,2,"2022-02-28 22:02:38","2022-02-28 22:02:38"
1262,Male,East,1,2,"2022-02-28 22:02:38","2022-02-28 22:02:38"
1263,Male,East,1,2,"2022-02-28 22:02:38","2022-02-28 22:02:38"
1264,Male,East,1,2,"2022-02-28 22:02:38","2022-02-28 22:02:38"
1265,Male,East,1,2,"2022-02-28 22:02:38","2022-02-28 22:02:38"
1266,Male,East,1,2,"2022-02-28 22:02:38","2022-02-28 22:02:38"
1267,Male,East,1,2,"2022-02-28 22:02:38","2022-02-28 22:02:38"
1268,Male,East,1,2,"2022-02-28 22:02:38","2022-02-28 22:02:38"
1269,Male,East,1,2,"2022-02-28 22:02:38","2022-02-28 22:02:38"
1270,Male,East,1,2,"2022-02-28 22:02:38","2022-02-28 22:02:38"
1271,Male,East,1,2,"2022-02-28 22:02:38","2022-02-28 22:02:38"
1272,Male,East,1,2,"2022-02-28 22:02:38","2022-02-28 22:02:38"
1273,Male,East,1,2,"2022-02-28 22:02:38","2022-02-28 22:02:38"
1274,Male,East,1,2,"2022-02-28 22:02:38","2022-02-28 22:02:38"
1275,Male,East,1,2,"2022-02-28 22:02:38","2022-02-28 22:02:38"
1276,Male,East,1,2,"2022-02-28 22:02:38","2022-02-28 22:02:38"
1277,Male,East,1,2,"2022-02-28 22:02:38","2022-02-28 22:02:38"
1278,Male,East,1,2,"2022-02-28 22:02:38","2022-02-28 22:02:38"
1279,Male,East,1,2,"2022-02-28 22:02:38","2022-02-28 22:02:38"
1280,Male,East,1,2,"2022-02-28 22:02:38","2022-02-28 22:02:38"
1281,Male,East,1,2,"2022-02-28 22:02:38","2022-02-28 22:02:38"
1282,Male,East,1,2,"2022-02-28 22:02:38","2022-02-28 22:02:38"
1283,Male,East,1,2,"2022-02-28 22:02:38","2022-02-28 22:02:38"
1284,Male,East,1,2,"2022-02-28 22:02:38","2022-02-28 22:02:38"
1285,Male,East,1,2,"2022-02-28 22:02:38","2022-02-28 22:02:38"
1286,Male,East,1,2,"2022-02-28 22:02:38","2022-02-28 22:02:38"
1287,Male,East,1,2,"2022-02-28 22:02:38","2022-02-28 22:02:38"
1288,Male,East,1,2,"2022-02-28 22:02:38","2022-02-28 22:02:38"
1289,Male,East,1,2,"2022-02-28 22:02:38","2022-02-28 22:02:38"
1290,Male,East,1,2,"2022-02-28 22:02:38","2022-02-28 22:02:38"
1291,Male,East,1,2,"2022-02-28 22:02:38","2022-02-28 22:02:38"
1292,Male,East,1,2,"2022-02-28 22:02:38","2022-02-28 22:02:38"
1293,Male,East,1,2,"2022-02-28 22:02:38","2022-02-28 22:02:38"
1294,Male,East,1,2,"2022-02-28 22:02:38","2022-02-28 22:02:38"
1295,Male,East,1,2,"2022-02-28 22:02:38","2022-02-28 22:02:38"
1296,Male,East,1,2,"2022-02-28 22:02:38","2022-02-28 22:02:38"
1297,Male,East,1,2,"2022-02-28 22:02:38","2022-02-28 22:02:38"
1298,Male,East,1,2,"2022-02-28 22:02:38","2022-02-28 22:02:38"
1299,Male,East,1,2,"2022-02-28 22:02:38","2022-02-28 22:02:38"
1300,Male,East,1,2,"2022-02-28 22:02:38","2022-02-28 22:02:38"
1301,Male,East,1,2,"2022-02-28 22:02:38","2022-02-28 22:02:38"
1302,Male,East,1,2,"2022-02-28 22:02:38","2022-02-28 22:02:38"
1303,Male,East,1,2,"2022-02-28 22:02:38","2022-02-28 22:02:38"
1304,Male,East,1,2,"2022-02-28 22:02:38","2022-02-28 22:02:38"
1305,Male,East,1,2,"2022-02-28 22:02:38","2022-02-28 22:02:38"
1306,Male,East,1,2,"2022-02-28 22:02:38","2022-02-28 22:02:38"
1307,Female,East,1,2,"2022-02-28 22:02:38","2022-02-28 22:02:38"
1308,Female,East,1,2,"2022-02-28 22:02:38","2022-02-28 22:02:38"
1309,Female,East,1,2,"2022-02-28 22:02:38","2022-02-28 22:02:38"
1310,Female,East,1,2,"2022-02-28 22:02:38","2022-02-28 22:02:38"
1311,Female,East,1,2,"2022-02-28 22:02:38","2022-02-28 22:02:38"
1312,Female,East,1,2,"2022-02-28 22:02:38","2022-02-28 22:02:38"
1313,Female,East,1,2,"2022-02-28 22:02:38","2022-02-28 22:02:38"
1314,Female,East,1,2,"2022-02-28 22:02:38","2022-02-28 22:02:38"
1315,Female,East,1,2,"2022-02-28 22:02:38","2022-02-28 22:02:38"
1316,Female,East,1,2,"2022-02-28 22:02:38","2022-02-28 22:02:38"
1317,Female,East,1,2,"2022-02-28 22:02:38","2022-02-28 22:02:38"
1318,Female,East,1,2,"2022-02-28 22:02:38","2022-02-28 22:02:38"
1319,Female,East,1,2,"2022-02-28 22:02:38","2022-02-28 22:02:38"
1320,Female,East,1,2,"2022-02-28 22:02:38","2022-02-28 22:02:38"
1321,Female,East,1,2,"2022-02-28 22:02:38","2022-02-28 22:02:38"
1322,Female,East,1,2,"2022-02-28 22:02:38","2022-02-28 22:02:38"
1323,Female,East,1,2,"2022-02-28 22:02:38","2022-02-28 22:02:38"
1324,Female,East,1,2,"2022-02-28 22:02:38","2022-02-28 22:02:38"
1325,Female,East,1,2,"2022-02-28 22:02:38","2022-02-28 22:02:38"
1326,Female,East,1,2,"2022-02-28 22:02:38","2022-02-28 22:02:38"
1327,Female,East,1,2,"2022-02-28 22:02:38","2022-02-28 22:02:38"
1328,Female,East,1,2,"2022-02-28 22:02:38","2022-02-28 22:02:38"
1329,Female,East,1,2,"2022-02-28 22:02:38","2022-02-28 22:02:38"
1330,Female,East,1,2,"2022-02-28 22:02:38","2022-02-28 22:02:38"
1331,Female,East,1,2,"2022-02-28 22:02:38","2022-02-28 22:02:38"
1332,Female,East,1,2,"2022-02-28 22:02:38","2022-02-28 22:02:38"
1333,Female,East,1,2,"2022-02-28 22:02:38","2022-02-28 22:02:38"
1334,Female,East,1,2,"2022-02-28 22:02:38","2022-02-28 22:02:38"
1335,Female,East,1,2,"2022-02-28 22:02:38","2022-02-28 22:02:38"
1336,Female,East,1,2,"2022-02-28 22:02:38","2022-02-28 22:02:38"
1337,Female,East,1,2,"2022-02-28 22:02:38","2022-02-28 22:02:38"
1338,Female,East,1,2,"2022-02-28 22:02:38","2022-02-28 22:02:38"
1339,Female,East,1,2,"2022-02-28 22:02:38","2022-02-28 22:02:38"
1340,Female,East,1,2,"2022-02-28 22:02:38","2022-02-28 22:02:38"
1341,Female,East,1,2,"2022-02-28 22:02:38","2022-02-28 22:02:38"
1342,Female,East,1,2,"2022-02-28 22:02:38","2022-02-28 22:02:38"
1343,Female,East,1,2,"2022-02-28 22:02:38","2022-02-28 22:02:38"
1344,Female,East,1,2,"2022-02-28 22:02:38","2022-02-28 22:02:38"
1345,Female,East,1,2,"2022-02-28 22:02:38","2022-02-28 22:02:38"
1346,Female,East,1,2,"2022-02-28 22:02:38","2022-02-28 22:02:38"
1347,Female,East,1,2,"2022-02-28 22:02:38","2022-02-28 22:02:38"
1348,Female,East,1,2,"2022-02-28 22:02:38","2022-02-28 22:02:38"
1349,Female,East,1,2,"2022-02-28 22:02:38","2022-02-28 22:02:38"
1350,Female,East,1,2,"2022-02-28 22:02:38","2022-02-28 22:02:38"
1351,Female,East,1,2,"2022-02-28 22:02:38","2022-02-28 22:02:38"
1352,Female,East,1,2,"2022-02-28 22:02:38","2022-02-28 22:02:38"
1353,Female,East,1,2,"2022-02-28 22:02:38","2022-02-28 22:02:38"
1354,Female,East,1,2,"2022-02-28 22:02:38","2022-02-28 22:02:38"
1355,Female,East,1,2,"2022-02-28 22:02:38","2022-02-28 22:02:38"
1356,Female,East,1,2,"2022-02-28 22:02:38","2022-02-28 22:02:38"
1357,Female,East,1,2,"2022-02-28 22:02:38","2022-02-28 22:02:38"
1358,Female,East,1,2,"2022-02-28 22:02:38","2022-02-28 22:02:38"
1359,Female,East,1,2,"2022-02-28 22:02:38","2022-02-28 22:02:38"
1360,Female,East,1,2,"2022-02-28 22:02:38","2022-02-28 22:02:38"
1361,Female,East,1,2,"2022-02-28 22:02:38","2022-02-28 22:02:38"
1362,Female,East,1,2,"2022-02-28 22:02:38","2022-02-28 22:02:38"
1363,Female,East,1,2,"2022-02-28 22:02:38","2022-02-28 22:02:38"
1364,Female,East,1,2,"2022-02-28 22:02:38","2022-02-28 22:02:38"
1365,Female,East,1,2,"2022-02-28 22:02:38","2022-02-28 22:02:38"
1366,Female,East,1,2,"2022-02-28 22:02:38","2022-02-28 22:02:38"
1367,Female,East,1,2,"2022-02-28 22:02:38","2022-02-28 22:02:38"
1368,Female,East,1,2,"2022-02-28 22:02:38","2022-02-28 22:02:38"
1369,Female,East,1,2,"2022-02-28 22:02:38","2022-02-28 22:02:38"
1370,Female,East,1,2,"2022-02-28 22:02:38","2022-02-28 22:02:38"
1371,Female,East,1,2,"2022-02-28 22:02:38","2022-02-28 22:02:38"
1372,Female,East,1,2,"2022-02-28 22:02:38","2022-02-28 22:02:38"
1373,Female,East,1,2,"2022-02-28 22:02:38","2022-02-28 22:02:38"
1374,Female,East,1,2,"2022-02-28 22:02:38","2022-02-28 22:02:38"
1375,Female,East,1,2,"2022-02-28 22:02:38","2022-02-28 22:02:38"
1376,Female,East,1,2,"2022-02-28 22:02:38","2022-02-28 22:02:38"
1377,Female,East,1,2,"2022-02-28 22:02:38","2022-02-28 22:02:38"
1378,Female,East,1,2,"2022-02-28 22:02:38","2022-02-28 22:02:38"
1379,Female,East,1,2,"2022-02-28 22:02:38","2022-02-28 22:02:38"
1380,Female,East,1,2,"2022-02-28 22:02:38","2022-02-28 22:02:38"
1381,Female,East,1,2,"2022-02-28 22:02:38","2022-02-28 22:02:38"
1382,Female,East,1,2,"2022-02-28 22:02:38","2022-02-28 22:02:38"
1383,Female,East,1,2,"2022-02-28 22:02:38","2022-02-28 22:02:38"
1384,Female,East,1,2,"2022-02-28 22:02:38","2022-02-28 22:02:38"
1385,Female,East,1,2,"2022-02-28 22:02:38","2022-02-28 22:02:38"
1386,Female,East,1,2,"2022-02-28 22:02:38","2022-02-28 22:02:38"
1387,Female,East,1,2,"2022-02-28 22:02:38","2022-02-28 22:02:38"
1388,Female,East,1,2,"2022-02-28 22:02:38","2022-02-28 22:02:38"
1389,Female,East,1,2,"2022-02-28 22:02:38","2022-02-28 22:02:38"
1390,Female,East,1,2,"2022-02-28 22:02:38","2022-02-28 22:02:38"
1391,Female,East,1,2,"2022-02-28 22:02:38","2022-02-28 22:02:38"
1392,Female,East,1,2,"2022-02-28 22:02:38","2022-02-28 22:02:38"
1393,Female,East,1,2,"2022-02-28 22:02:38","2022-02-28 22:02:38"
1394,Female,East,1,2,"2022-02-28 22:02:38","2022-02-28 22:02:38"
1395,Female,East,1,2,"2022-02-28 22:02:38","2022-02-28 22:02:38"
1396,Female,East,1,2,"2022-02-28 22:02:38","2022-02-28 22:02:38"
1397,Female,East,1,2,"2022-02-28 22:02:38","2022-02-28 22:02:38"
1398,Female,East,1,2,"2022-02-28 22:02:38","2022-02-28 22:02:38"
1399,Female,East,1,2,"2022-02-28 22:02:38","2022-02-28 22:02:38"
1400,Female,East,1,2,"2022-02-28 22:02:38","2022-02-28 22:02:38"
1401,Female,East,1,2,"2022-02-28 22:02:38","2022-02-28 22:02:38"
1402,Female,East,1,2,"2022-02-28 22:02:38","2022-02-28 22:02:38"
1403,Female,East,1,2,"2022-02-28 22:02:38","2022-02-28 22:02:38"
1404,Female,East,1,2,"2022-02-28 22:02:38","2022-02-28 22:02:38"
1405,Female,East,1,2,"2022-02-28 22:02:38","2022-02-28 22:02:38"
1406,Female,East,1,2,"2022-02-28 22:02:38","2022-02-28 22:02:38"
1407,Female,East,1,2,"2022-02-28 22:02:38","2022-02-28 22:02:38"
1408,Female,East,1,2,"2022-02-28 22:02:38","2022-02-28 22:02:38"
1409,Female,East,1,2,"2022-02-28 22:02:38","2022-02-28 22:02:38"
1410,Female,East,1,2,"2022-02-28 22:02:38","2022-02-28 22:02:38"
1411,Female,East,1,2,"2022-02-28 22:02:38","2022-02-28 22:02:38"
1412,Female,East,1,2,"2022-02-28 22:02:38","2022-02-28 22:02:38"
1413,Female,East,1,2,"2022-02-28 22:02:38","2022-02-28 22:02:38"
1414,Female,East,1,2,"2022-02-28 22:02:38","2022-02-28 22:02:38"
1415,Female,East,1,2,"2022-02-28 22:02:38","2022-02-28 22:02:38"
1416,Female,East,1,3,"2022-02-28 22:02:38","2022-02-28 22:02:38"
1417,Female,East,1,3,"2022-02-28 22:02:38","2022-02-28 22:02:38"
1418,Female,East,1,3,"2022-02-28 22:02:38","2022-02-28 22:02:38"
1419,Female,East,1,3,"2022-02-28 22:02:38","2022-02-28 22:02:38"
1420,Female,East,1,3,"2022-02-28 22:02:38","2022-02-28 22:02:38"
1421,Female,East,1,3,"2022-02-28 22:02:38","2022-02-28 22:02:38"
1422,Female,East,1,3,"2022-02-28 22:02:38","2022-02-28 22:02:38"
1423,Female,East,1,3,"2022-02-28 22:02:38","2022-02-28 22:02:38"
1424,Female,East,1,3,"2022-02-28 22:02:38","2022-02-28 22:02:38"
1425,Female,East,1,3,"2022-02-28 22:02:38","2022-02-28 22:02:38"
1426,Female,East,1,3,"2022-02-28 22:02:38","2022-02-28 22:02:38"
1427,Female,East,1,3,"2022-02-28 22:02:38","2022-02-28 22:02:38"
1428,Female,East,1,3,"2022-02-28 22:02:38","2022-02-28 22:02:38"
1429,Female,East,1,3,"2022-02-28 22:02:38","2022-02-28 22:02:38"
1430,Female,East,1,3,"2022-02-28 22:02:38","2022-02-28 22:02:38"
1431,Female,East,1,3,"2022-02-28 22:02:38","2022-02-28 22:02:38"
1432,Female,East,1,3,"2022-02-28 22:02:38","2022-02-28 22:02:38"
1433,Female,West,1,3,"2022-02-28 22:02:38","2022-02-28 22:02:38"
1434,Female,West,1,3,"2022-02-28 22:02:38","2022-02-28 22:02:38"
1435,Female,West,1,3,"2022-02-28 22:02:38","2022-02-28 22:02:38"
1436,Female,West,1,3,"2022-02-28 22:02:38","2022-02-28 22:02:38"
1437,Female,West,1,3,"2022-02-28 22:02:38","2022-02-28 22:02:38"
1438,Female,West,1,3,"2022-02-28 22:02:38","2022-02-28 22:02:38"
1439,Female,West,1,3,"2022-02-28 22:02:38","2022-02-28 22:02:38"
1440,Female,West,1,3,"2022-02-28 22:02:38","2022-02-28 22:02:38"
1441,Female,West,1,3,"2022-02-28 22:02:38","2022-02-28 22:02:38"
1442,Female,West,1,3,"2022-02-28 22:02:38","2022-02-28 22:02:38"
1443,Female,West,1,3,"2022-02-28 22:02:38","2022-02-28 22:02:38"
1444,Female,West,1,3,"2022-02-28 22:02:38","2022-02-28 22:02:38"
1445,Female,West,1,3,"2022-02-28 22:02:38","2022-02-28 22:02:38"
1446,Female,West,1,3,"2022-02-28 22:02:38","2022-02-28 22:02:38"
1447,Female,West,1,3,"2022-02-28 22:02:38","2022-02-28 22:02:38"
1448,Female,West,1,3,"2022-02-28 22:02:38","2022-02-28 22:02:38"
1449,Female,West,1,3,"2022-02-28 22:02:38","2022-02-28 22:02:38"
1450,Female,West,1,3,"2022-02-28 22:02:38","2022-02-28 22:02:38"
1451,Female,West,1,3,"2022-02-28 22:02:38","2022-02-28 22:02:38"
1452,Female,West,1,3,"2022-02-28 22:02:38","2022-02-28 22:02:38"
1453,Female,West,1,3,"2022-02-28 22:02:38","2022-02-28 22:02:38"
1454,Female,West,1,3,"2022-02-28 22:02:38","2022-02-28 22:02:38"
1455,Female,West,1,3,"2022-02-28 22:02:38","2022-02-28 22:02:38"
1456,Female,West,1,3,"2022-02-28 22:02:38","2022-02-28 22:02:38"
1457,Female,West,1,3,"2022-02-28 22:02:38","2022-02-28 22:02:38"
1458,Female,West,1,3,"2022-02-28 22:02:38","2022-02-28 22:02:38"
1459,Female,West,1,3,"2022-02-28 22:02:38","2022-02-28 22:02:38"
1460,Female,West,1,3,"2022-02-28 22:02:38","2022-02-28 22:02:38"
1461,Female,West,1,3,"2022-02-28 22:02:38","2022-02-28 22:02:38"
1462,Female,West,1,3,"2022-02-28 22:02:38","2022-02-28 22:02:38"
1463,Female,West,1,3,"2022-02-28 22:02:38","2022-02-28 22:02:38"
1464,Female,West,1,3,"2022-02-28 22:02:38","2022-02-28 22:02:38"
1465,Female,West,1,3,"2022-02-28 22:02:38","2022-02-28 22:02:38"
1466,Female,West,1,3,"2022-02-28 22:02:38","2022-02-28 22:02:38"
1467,Female,West,1,3,"2022-02-28 22:02:38","2022-02-28 22:02:38"
1468,Female,West,1,3,"2022-02-28 22:02:38","2022-02-28 22:02:38"
1469,Female,West,1,3,"2022-02-28 22:02:38","2022-02-28 22:02:38"
1470,Female,West,1,3,"2022-02-28 22:02:38","2022-02-28 22:02:38"
1471,Female,West,1,3,"2022-02-28 22:02:38","2022-02-28 22:02:38"
1472,Female,West,1,3,"2022-02-28 22:02:38","2022-02-28 22:02:38"
1473,Female,West,1,3,"2022-02-28 22:02:38","2022-02-28 22:02:38"
1474,Female,West,1,3,"2022-02-28 22:02:38","2022-02-28 22:02:38"
1475,Female,West,1,3,"2022-02-28 22:02:38","2022-02-28 22:02:38"
1476,Female,West,1,3,"2022-02-28 22:02:38","2022-02-28 22:02:38"
1477,Female,West,1,3,"2022-02-28 22:02:38","2022-02-28 22:02:38"
1478,Female,West,1,3,"2022-02-28 22:02:38","2022-02-28 22:02:38"
1479,Female,West,1,3,"2022-02-28 22:02:38","2022-02-28 22:02:38"
1480,Female,West,1,3,"2022-02-28 22:02:38","2022-02-28 22:02:38"
1481,Female,West,1,3,"2022-02-28 22:02:38","2022-02-28 22:02:38"
1482,Female,West,1,3,"2022-02-28 22:02:38","2022-02-28 22:02:38"
1483,Female,West,1,3,"2022-02-28 22:02:38","2022-02-28 22:02:38"
1484,Female,West,1,3,"2022-02-28 22:02:38","2022-02-28 22:02:38"
1485,Female,West,1,3,"2022-02-28 22:02:38","2022-02-28 22:02:38"
1486,Female,West,1,3,"2022-02-28 22:02:38","2022-02-28 22:02:38"
1487,Female,West,1,3,"2022-02-28 22:02:38","2022-02-28 22:02:38"
1488,Female,West,1,3,"2022-02-28 22:02:38","2022-02-28 22:02:38"
1489,Female,West,1,3,"2022-02-28 22:02:38","2022-02-28 22:02:38"
1490,Female,West,1,3,"2022-02-28 22:02:38","2022-02-28 22:02:38"
1491,Female,West,1,3,"2022-02-28 22:02:38","2022-02-28 22:02:38"
1492,Female,West,1,3,"2022-02-28 22:02:38","2022-02-28 22:02:38"
1493,Female,West,1,3,"2022-02-28 22:02:38","2022-02-28 22:02:38"
1494,Female,West,1,3,"2022-02-28 22:02:38","2022-02-28 22:02:38"
1495,Female,West,1,3,"2022-02-28 22:02:38","2022-02-28 22:02:38"
1496,Female,West,1,3,"2022-02-28 22:02:38","2022-02-28 22:02:38"
1497,Female,West,1,3,"2022-02-28 22:02:38","2022-02-28 22:02:38"
1498,Female,West,1,3,"2022-02-28 22:02:38","2022-02-28 22:02:38"
1499,Female,West,1,3,"2022-02-28 22:02:38","2022-02-28 22:02:38"
1500,Female,West,1,3,"2022-02-28 22:02:38","2022-02-28 22:02:38"
1501,Female,West,1,3,"2022-02-28 22:02:38","2022-02-28 22:02:38"
1502,Female,West,1,3,"2022-02-28 22:02:38","2022-02-28 22:02:38"
1503,Female,West,1,3,"2022-02-28 22:02:38","2022-02-28 22:02:38"
1504,Female,West,1,3,"2022-02-28 22:02:38","2022-02-28 22:02:38"
1505,Female,West,1,3,"2022-02-28 22:02:38","2022-02-28 22:02:38"
1506,Female,West,1,3,"2022-02-28 22:02:38","2022-02-28 22:02:38"
1507,Female,West,1,3,"2022-02-28 22:02:38","2022-02-28 22:02:38"
1508,Female,West,1,3,"2022-02-28 22:02:38","2022-02-28 22:02:38"
1509,Female,West,1,3,"2022-02-28 22:02:38","2022-02-28 22:02:38"
1510,Female,West,1,3,"2022-02-28 22:02:38","2022-02-28 22:02:38"
1511,Female,West,1,3,"2022-02-28 22:02:38","2022-02-28 22:02:38"
1512,Female,West,1,3,"2022-02-28 22:02:38","2022-02-28 22:02:38"
1513,Female,West,1,3,"2022-02-28 22:02:38","2022-02-28 22:02:38"
1514,Female,West,1,3,"2022-02-28 22:02:38","2022-02-28 22:02:38"
1515,Female,West,1,3,"2022-02-28 22:02:38","2022-02-28 22:02:38"
1516,Female,West,1,3,"2022-02-28 22:02:38","2022-02-28 22:02:38"
1517,Female,West,1,3,"2022-02-28 22:02:38","2022-02-28 22:02:38"
1518,Female,West,1,3,"2022-02-28 22:02:38","2022-02-28 22:02:38"
1519,Female,West,1,3,"2022-02-28 22:02:38","2022-02-28 22:02:38"
1520,Female,West,1,3,"2022-02-28 22:02:38","2022-02-28 22:02:38"
1521,Female,West,1,3,"2022-02-28 22:02:38","2022-02-28 22:02:38"
1522,Female,West,1,3,"2022-02-28 22:02:38","2022-02-28 22:02:38"
1523,Female,West,1,3,"2022-02-28 22:02:38","2022-02-28 22:02:38"
1524,Female,West,1,3,"2022-02-28 22:02:38","2022-02-28 22:02:38"
1525,Female,West,1,3,"2022-02-28 22:02:38","2022-02-28 22:02:38"
1526,Female,West,1,3,"2022-02-28 22:02:38","2022-02-28 22:02:38"
1527,Female,West,1,3,"2022-02-28 22:02:38","2022-02-28 22:02:38"
1528,Female,West,1,3,"2022-02-28 22:02:38","2022-02-28 22:02:38"
1529,Female,West,1,3,"2022-02-28 22:02:38","2022-02-28 22:02:38"
1530,Female,West,1,3,"2022-02-28 22:02:38","2022-02-28 22:02:38"
1531,Female,West,1,3,"2022-02-28 22:02:38","2022-02-28 22:02:38"
1532,Female,West,1,3,"2022-02-28 22:02:38","2022-02-28 22:02:38"
1533,Female,West,1,3,"2022-02-28 22:02:38","2022-02-28 22:02:38"
1534,Female,West,1,3,"2022-02-28 22:02:38","2022-02-28 22:02:38"
1535,Female,West,1,3,"2022-02-28 22:02:38","2022-02-28 22:02:38"
1536,Female,West,1,3,"2022-02-28 22:02:38","2022-02-28 22:02:38"
1537,Female,West,1,3,"2022-02-28 22:02:38","2022-02-28 22:02:38"
1538,Female,West,1,3,"2022-02-28 22:02:38","2022-02-28 22:02:38"
1539,Female,West,1,3,"2022-02-28 22:02:38","2022-02-28 22:02:38"
1540,Female,West,1,3,"2022-02-28 22:02:38","2022-02-28 22:02:38"
1541,Female,West,1,3,"2022-02-28 22:02:38","2022-02-28 22:02:38"
1542,Female,West,1,3,"2022-02-28 22:02:38","2022-02-28 22:02:38"
1543,Female,West,1,3,"2022-02-28 22:02:38","2022-02-28 22:02:38"
1544,Female,West,1,3,"2022-02-28 22:02:38","2022-02-28 22:02:38"
1545,Female,West,1,3,"2022-02-28 22:02:38","2022-02-28 22:02:38"
1546,Female,West,1,3,"2022-02-28 22:02:38","2022-02-28 22:02:38"
1547,Female,West,1,3,"2022-02-28 22:02:38","2022-02-28 22:02:38"
1548,Female,West,1,3,"2022-02-28 22:02:38","2022-02-28 22:02:38"
1549,Female,West,1,3,"2022-02-28 22:02:38","2022-02-28 22:02:38"
1550,Female,West,1,3,"2022-02-28 22:02:38","2022-02-28 22:02:38"
1551,Female,West,1,3,"2022-02-28 22:02:38","2022-02-28 22:02:38"
1552,Female,West,1,3,"2022-02-28 22:02:38","2022-02-28 22:02:38"
1553,Female,West,1,3,"2022-02-28 22:02:38","2022-02-28 22:02:38"
1554,Female,West,1,3,"2022-02-28 22:02:38","2022-02-28 22:02:38"
1555,Female,West,1,3,"2022-02-28 22:02:38","2022-02-28 22:02:38"
1556,Female,West,1,3,"2022-02-28 22:02:38","2022-02-28 22:02:38"
1557,Female,West,1,3,"2022-02-28 22:02:38","2022-02-28 22:02:38"
1558,Female,West,1,3,"2022-02-28 22:02:38","2022-02-28 22:02:38"
1559,Female,West,1,3,"2022-02-28 22:02:38","2022-02-28 22:02:38"
1560,Female,West,1,3,"2022-02-28 22:02:38","2022-02-28 22:02:38"
1561,Female,West,1,3,"2022-02-28 22:02:38","2022-02-28 22:02:38"
1562,Female,West,1,3,"2022-02-28 22:02:38","2022-02-28 22:02:38"
1563,Female,West,1,3,"2022-02-28 22:02:38","2022-02-28 22:02:38"
1564,Female,West,1,3,"2022-02-28 22:02:38","2022-02-28 22:02:38"
1565,Female,West,1,3,"2022-02-28 22:02:38","2022-02-28 22:02:38"
1566,Female,West,1,3,"2022-02-28 22:02:38","2022-02-28 22:02:38"
1567,Female,West,1,3,"2022-02-28 22:02:38","2022-02-28 22:02:38"
1568,Female,West,1,3,"2022-02-28 22:02:38","2022-02-28 22:02:38"
1569,Female,West,1,3,"2022-02-28 22:02:38","2022-02-28 22:02:38"
1570,Female,West,1,3,"2022-02-28 22:02:38","2022-02-28 22:02:38"
1571,Female,West,1,3,"2022-02-28 22:02:38","2022-02-28 22:02:38"
1572,Female,West,1,3,"2022-02-28 22:02:38","2022-02-28 22:02:38"
1573,Female,West,1,3,"2022-02-28 22:02:38","2022-02-28 22:02:38"
1574,Female,West,1,3,"2022-02-28 22:02:38","2022-02-28 22:02:38"
1575,Female,West,1,3,"2022-02-28 22:02:38","2022-02-28 22:02:38"
1576,Female,West,1,3,"2022-02-28 22:02:38","2022-02-28 22:02:38"
1577,Female,West,1,3,"2022-02-28 22:02:38","2022-02-28 22:02:38"
1578,Female,West,1,3,"2022-02-28 22:02:38","2022-02-28 22:02:38"
1579,Female,West,1,3,"2022-02-28 22:02:38","2022-02-28 22:02:38"
1580,Female,West,1,3,"2022-02-28 22:02:38","2022-02-28 22:02:38"
1581,Female,West,1,3,"2022-02-28 22:02:38","2022-02-28 22:02:38"
1582,Female,West,1,3,"2022-02-28 22:02:38","2022-02-28 22:02:38"
1583,Female,West,1,3,"2022-02-28 22:02:38","2022-02-28 22:02:38"
1584,Female,West,1,3,"2022-02-28 22:02:38","2022-02-28 22:02:38"
1585,Female,West,1,3,"2022-02-28 22:02:38","2022-02-28 22:02:38"
1586,Female,West,1,3,"2022-02-28 22:02:38","2022-02-28 22:02:38"
1587,Female,West,1,3,"2022-02-28 22:02:38","2022-02-28 22:02:38"
1588,Female,West,1,3,"2022-02-28 22:02:38","2022-02-28 22:02:38"
1589,Female,West,1,3,"2022-02-28 22:02:38","2022-02-28 22:02:38"
1590,Female,West,1,3,"2022-02-28 22:02:38","2022-02-28 22:02:38"
1591,Female,West,1,3,"2022-02-28 22:02:38","2022-02-28 22:02:38"
1592,Female,West,1,3,"2022-02-28 22:02:38","2022-02-28 22:02:38"
1593,Female,West,1,3,"2022-02-28 22:02:38","2022-02-28 22:02:38"
1594,Female,West,1,3,"2022-02-28 22:02:38","2022-02-28 22:02:38"
1595,Female,West,1,3,"2022-02-28 22:02:38","2022-02-28 22:02:38"
1596,Female,West,1,3,"2022-02-28 22:02:38","2022-02-28 22:02:38"
1597,Female,West,1,3,"2022-02-28 22:02:38","2022-02-28 22:02:38"
1598,Female,West,1,3,"2022-02-28 22:02:38","2022-02-28 22:02:38"
1599,Female,West,1,3,"2022-02-28 22:02:38","2022-02-28 22:02:38"
