id,policy_id,customer_id,created_at,updated_at,maritial_status
1,12345,400,"2022-02-28 22:02:38","2022-02-28 22:02:38",0
2,12346,401,"2022-02-28 22:02:38","2022-02-28 22:02:38",1
3,12347,402,"2022-02-28 22:02:38","2022-02-28 22:02:38",0
4,12348,403,"2022-02-28 22:02:38","2022-02-28 22:02:38",1
5,12349,404,"2022-02-28 22:02:38","2022-02-28 22:02:38",1
6,12350,405,"2022-02-28 22:02:38","2022-02-28 22:02:38",0
7,12351,406,"2022-02-28 22:02:38","2022-02-28 22:02:38",0
8,12352,407,"2022-02-28 22:02:38","2022-02-28 22:02:38",0
9,12353,408,"2022-02-28 22:02:38","2022-02-28 22:02:38",1
10,12354,409,"2022-02-28 22:02:38","2022-02-28 22:02:38",0
11,12355,410,"2022-02-28 22:02:38","2022-02-28 22:02:38",1
12,12356,411,"2022-02-28 22:02:38","2022-02-28 22:02:38",0
13,12357,412,"2022-02-28 22:02:38","2022-02-28 22:02:38",0
14,12358,413,"2022-02-28 22:02:38","2022-02-28 22:02:38",0
15,12359,414,"2022-02-28 22:02:38","2022-02-28 22:02:38",1
16,12360,415,"2022-02-28 22:02:38","2022-02-28 22:02:38",0
17,12361,416,"2022-02-28 22:02:38","2022-02-28 22:02:38",1
18,12362,417,"2022-02-28 22:02:38","2022-02-28 22:02:38",0
19,420,418,"2022-02-28 22:02:38","2022-02-28 22:02:38",0
20,12364,419,"2022-02-28 22:02:38","2022-02-28 22:02:38",0
21,12365,420,"2022-02-28 22:02:38","2022-02-28 22:02:38",0
22,12366,420,"2022-02-28 22:02:38","2022-02-28 22:02:38",0
23,12367,420,"2022-02-28 22:02:38","2022-02-28 22:02:38",0
24,12368,420,"2022-02-28 22:02:38","2022-02-28 22:02:38",1
25,12369,420,"2022-02-28 22:02:38","2022-02-28 22:02:38",0
26,12370,420,"2022-02-28 22:02:38","2022-02-28 22:02:38",1
27,12371,420,"2022-02-28 22:02:38","2022-02-28 22:02:38",0
28,12372,420,"2022-02-28 22:02:38","2022-02-28 22:02:38",1
29,12373,420,"2022-02-28 22:02:38","2022-02-28 22:02:38",0
30,12374,420,"2022-02-28 22:02:38","2022-02-28 22:02:38",1
31,12375,420,"2022-02-28 22:02:38","2022-02-28 22:02:38",1
32,840,420,"2022-02-28 22:02:38","2022-02-28 22:02:38",0
33,12377,420,"2022-02-28 22:02:38","2022-02-28 22:02:38",0
34,12378,420,"2022-02-28 22:02:38","2022-02-28 22:02:38",0
35,12379,420,"2022-02-28 22:02:38","2022-02-28 22:02:38",0
36,12380,420,"2022-02-28 22:02:38","2022-02-28 22:02:38",1
37,12381,420,"2022-02-28 22:02:38","2022-02-28 22:02:38",1
38,12382,420,"2022-02-28 22:02:38","2022-02-28 22:02:38",0
39,12383,420,"2022-02-28 22:02:38","2022-02-28 22:02:38",1
40,12384,420,"2022-02-28 22:02:38","2022-02-28 22:02:38",0
41,12385,420,"2022-02-28 22:02:38","2022-02-28 22:02:38",0
42,12386,420,"2022-02-28 22:02:38","2022-02-28 22:02:38",1
43,12387,420,"2022-02-28 22:02:38","2022-02-28 22:02:38",1
44,12388,420,"2022-02-28 22:02:38","2022-02-28 22:02:38",0
45,12389,420,"2022-02-28 22:02:38","2022-02-28 22:02:38",1
46,12390,420,"2022-02-28 22:02:38","2022-02-28 22:02:38",1
47,12391,420,"2022-02-28 22:02:38","2022-02-28 22:02:38",0
48,12392,420,"2022-02-28 22:02:38","2022-02-28 22:02:38",0
49,12393,420,"2022-02-28 22:02:38","2022-02-28 22:02:38",1
50,12394,420,"2022-02-28 22:02:38","2022-02-28 22:02:38",1
51,12395,420,"2022-02-28 22:02:38","2022-02-28 22:02:38",0
52,12396,420,"2022-02-28 22:02:38","2022-02-28 22:02:38",0
53,12397,420,"2022-02-28 22:02:38","2022-02-28 22:02:38",1
54,12398,420,"2022-02-28 22:02:38","2022-02-28 22:02:38",0
55,12399,420,"2022-02-28 22:02:38","2022-02-28 22:02:38",0
56,12400,420,"2022-02-28 22:02:38","2022-02-28 22:02:38",1
57,12401,420,"2022-02-28 22:02:38","2022-02-28 22:02:38",0
58,12402,420,"2022-02-28 22:02:38","2022-02-28 22:02:38",1
59,12403,420,"2022-02-28 22:02:38","2022-02-28 22:02:38",0
60,12404,420,"2022-02-28 22:02:38","2022-02-28 22:02:38",1
61,12405,420,"2022-02-28 22:02:38","2022-02-28 22:02:38",0
62,12406,420,"2022-02-28 22:02:38","2022-02-28 22:02:38",0
63,12407,420,"2022-02-28 22:02:38","2022-02-28 22:02:38",1
64,12408,420,"2022-02-28 22:02:38","2022-02-28 22:02:38",1
65,12409,420,"2022-02-28 22:02:38","2022-02-28 22:02:38",0
66,12410,420,"2022-02-28 22:02:38","2022-02-28 22:02:38",1
67,12411,420,"2022-02-28 22:02:38","2022-02-28 22:02:38",1
68,12412,420,"2022-02-28 22:02:38","2022-02-28 22:02:38",1
69,12413,420,"2022-02-28 22:02:38","2022-02-28 22:02:38",0
70,12414,420,"2022-02-28 22:02:38","2022-02-28 22:02:38",0
71,12415,420,"2022-02-28 22:02:38","2022-02-28 22:02:38",1
72,12416,420,"2022-02-28 22:02:38","2022-02-28 22:02:38",0
73,12417,420,"2022-02-28 22:02:38","2022-02-28 22:02:38",0
74,12418,420,"2022-02-28 22:02:38","2022-02-28 22:02:38",1
75,12419,420,"2022-02-28 22:02:38","2022-02-28 22:02:38",0
76,12420,420,"2022-02-28 22:02:38","2022-02-28 22:02:38",0
77,12421,420,"2022-02-28 22:02:38","2022-02-28 22:02:38",1
78,12422,420,"2022-02-28 22:02:38","2022-02-28 22:02:38",0
79,12423,420,"2022-02-28 22:02:38","2022-02-28 22:02:38",0
80,12424,420,"2022-02-28 22:02:38","2022-02-28 22:02:38",0
81,12425,420,"2022-02-28 22:02:38","2022-02-28 22:02:38",0
82,12426,420,"2022-02-28 22:02:38","2022-02-28 22:02:38",0
83,12427,420,"2022-02-28 22:02:38","2022-02-28 22:02:38",0
84,12428,420,"2022-02-28 22:02:38","2022-02-28 22:02:38",1
85,12429,420,"2022-02-28 22:02:38","2022-02-28 22:02:38",0
86,12430,420,"2022-02-28 22:02:38","2022-02-28 22:02:38",0
87,12431,420,"2022-02-28 22:02:38","2022-02-28 22:02:38",1
88,12432,420,"2022-02-28 22:02:38","2022-02-28 22:02:38",0
89,12433,420,"2022-02-28 22:02:38","2022-02-28 22:02:38",0
90,12434,420,"2022-02-28 22:02:38","2022-02-28 22:02:38",1
91,12435,420,"2022-02-28 22:02:38","2022-02-28 22:02:38",1
92,12436,420,"2022-02-28 22:02:38","2022-02-28 22:02:38",1
93,12437,420,"2022-02-28 22:02:38","2022-02-28 22:02:38",0
94,12438,420,"2022-02-28 22:02:38","2022-02-28 22:02:38",1
95,12439,420,"2022-02-28 22:02:38","2022-02-28 22:02:38",0
96,12440,420,"2022-02-28 22:02:38","2022-02-28 22:02:38",0
97,12441,420,"2022-02-28 22:02:38","2022-02-28 22:02:38",1
98,12442,420,"2022-02-28 22:02:38","2022-02-28 22:02:38",0
99,12443,420,"2022-02-28 22:02:38","2022-02-28 22:02:38",0
100,12444,420,"2022-02-28 22:02:38","2022-02-28 22:02:38",1
101,12445,420,"2022-02-28 22:02:38","2022-02-28 22:02:38",0
102,12446,420,"2022-02-28 22:02:38","2022-02-28 22:02:38",1
103,12447,420,"2022-02-28 22:02:38","2022-02-28 22:02:38",0
104,12448,420,"2022-02-28 22:02:38","2022-02-28 22:02:38",0
105,12449,420,"2022-02-28 22:02:38","2022-02-28 22:02:38",0
106,12450,420,"2022-02-28 22:02:38","2022-02-28 22:02:38",0
107,12451,420,"2022-02-28 22:02:38","2022-02-28 22:02:38",0
108,12452,420,"2022-02-28 22:02:38","2022-02-28 22:02:38",1
109,12453,420,"2022-02-28 22:02:38","2022-02-28 22:02:38",1
110,12454,420,"2022-02-28 22:02:38","2022-02-28 22:02:38",0
111,12455,420,"2022-02-28 22:02:38","2022-02-28 22:02:38",1
112,12456,420,"2022-02-28 22:02:38","2022-02-28 22:02:38",1
113,12457,420,"2022-02-28 22:02:38","2022-02-28 22:02:38",1
114,12458,420,"2022-02-28 22:02:38","2022-02-28 22:02:38",1
115,12459,420,"2022-02-28 22:02:38","2022-02-28 22:02:38",1
116,12460,420,"2022-02-28 22:02:38","2022-02-28 22:02:38",0
117,12461,420,"2022-02-28 22:02:38","2022-02-28 22:02:38",0
118,12462,420,"2022-02-28 22:02:38","2022-02-28 22:02:38",0
119,12463,420,"2022-02-28 22:02:38","2022-02-28 22:02:38",0
120,12464,420,"2022-02-28 22:02:38","2022-02-28 22:02:38",0
121,12465,420,"2022-02-28 22:02:38","2022-02-28 22:02:38",0
122,12466,420,"2022-02-28 22:02:38","2022-02-28 22:02:38",0
123,12467,420,"2022-02-28 22:02:38","2022-02-28 22:02:38",1
124,12468,420,"2022-02-28 22:02:38","2022-02-28 22:02:38",0
125,12469,420,"2022-02-28 22:02:38","2022-02-28 22:02:38",0
126,12470,420,"2022-02-28 22:02:38","2022-02-28 22:02:38",1
127,12471,420,"2022-02-28 22:02:38","2022-02-28 22:02:38",0
128,12472,420,"2022-02-28 22:02:38","2022-02-28 22:02:38",0
129,12473,420,"2022-02-28 22:02:38","2022-02-28 22:02:38",1
130,12474,420,"2022-02-28 22:02:38","2022-02-28 22:02:38",0
131,12475,420,"2022-02-28 22:02:38","2022-02-28 22:02:38",1
132,12476,420,"2022-02-28 22:02:38","2022-02-28 22:02:38",1
133,12477,420,"2022-02-28 22:02:38","2022-02-28 22:02:38",0
134,12478,420,"2022-02-28 22:02:38","2022-02-28 22:02:38",0
135,12479,420,"2022-02-28 22:02:38","2022-02-28 22:02:38",1
136,12480,420,"2022-02-28 22:02:38","2022-02-28 22:02:38",1
137,12481,420,"2022-02-28 22:02:38","2022-02-28 22:02:38",1
138,12482,420,"2022-02-28 22:02:38","2022-02-28 22:02:38",0
139,12483,420,"2022-02-28 22:02:38","2022-02-28 22:02:38",0
140,12484,420,"2022-02-28 22:02:38","2022-02-28 22:02:38",0
141,12485,420,"2022-02-28 22:02:38","2022-02-28 22:02:38",1
142,12486,420,"2022-02-28 22:02:38","2022-02-28 22:02:38",1
143,12487,420,"2022-02-28 22:02:38","2022-02-28 22:02:38",1
144,12488,420,"2022-02-28 22:02:38","2022-02-28 22:02:38",0
145,12489,420,"2022-02-28 22:02:38","2022-02-28 22:02:38",1
146,12490,420,"2022-02-28 22:02:38","2022-02-28 22:02:38",1
147,12491,420,"2022-02-28 22:02:38","2022-02-28 22:02:38",1
148,12492,420,"2022-02-28 22:02:38","2022-02-28 22:02:38",0
149,12493,420,"2022-02-28 22:02:38","2022-02-28 22:02:38",0
150,12494,420,"2022-02-28 22:02:38","2022-02-28 22:02:38",1
151,12495,420,"2022-02-28 22:02:38","2022-02-28 22:02:38",1
152,12496,420,"2022-02-28 22:02:38","2022-02-28 22:02:38",0
153,12497,420,"2022-02-28 22:02:38","2022-02-28 22:02:38",0
154,12498,420,"2022-02-28 22:02:38","2022-02-28 22:02:38",0
155,12499,420,"2022-02-28 22:02:38","2022-02-28 22:02:38",0
156,12500,420,"2022-02-28 22:02:38","2022-02-28 22:02:38",0
157,12501,420,"2022-02-28 22:02:38","2022-02-28 22:02:38",0
158,12502,420,"2022-02-28 22:02:38","2022-02-28 22:02:38",0
159,12503,420,"2022-02-28 22:02:38","2022-02-28 22:02:38",1
160,12504,420,"2022-02-28 22:02:38","2022-02-28 22:02:38",1
161,12505,420,"2022-02-28 22:02:38","2022-02-28 22:02:38",1
162,12506,420,"2022-02-28 22:02:38","2022-02-28 22:02:38",1
163,12507,420,"2022-02-28 22:02:38","2022-02-28 22:02:38",1
164,12508,420,"2022-02-28 22:02:38","2022-02-28 22:02:38",0
165,12509,420,"2022-02-28 22:02:38","2022-02-28 22:02:38",0
166,12510,420,"2022-02-28 22:02:38","2022-02-28 22:02:38",0
167,12511,420,"2022-02-28 22:02:38","2022-02-28 22:02:38",1
168,12512,420,"2022-02-28 22:02:38","2022-02-28 22:02:38",0
169,12513,420,"2022-02-28 22:02:38","2022-02-28 22:02:38",1
170,12514,420,"2022-02-28 22:02:38","2022-02-28 22:02:38",1
171,12515,420,"2022-02-28 22:02:38","2022-02-28 22:02:38",0
172,12516,420,"2022-02-28 22:02:38","2022-02-28 22:02:38",1
173,12517,420,"2022-02-28 22:02:38","2022-02-28 22:02:38",1
174,12518,420,"2022-02-28 22:02:38","2022-02-28 22:02:38",1
175,12519,420,"2022-02-28 22:02:38","2022-02-28 22:02:38",0
176,12520,420,"2022-02-28 22:02:38","2022-02-28 22:02:38",0
177,12521,420,"2022-02-28 22:02:38","2022-02-28 22:02:38",1
178,12522,420,"2022-02-28 22:02:38","2022-02-28 22:02:38",0
179,12523,420,"2022-02-28 22:02:38","2022-02-28 22:02:38",1
180,12524,420,"2022-02-28 22:02:38","2022-02-28 22:02:38",1
181,12525,420,"2022-02-28 22:02:38","2022-02-28 22:02:38",0
182,12526,420,"2022-02-28 22:02:38","2022-02-28 22:02:38",1
183,12527,420,"2022-02-28 22:02:38","2022-02-28 22:02:38",1
184,12528,420,"2022-02-28 22:02:38","2022-02-28 22:02:38",0
185,12529,420,"2022-02-28 22:02:38","2022-02-28 22:02:38",1
186,12530,420,"2022-02-28 22:02:38","2022-02-28 22:02:38",0
187,12531,420,"2022-02-28 22:02:38","2022-02-28 22:02:38",0
188,12532,420,"2022-02-28 22:02:38","2022-02-28 22:02:38",1
189,12533,420,"2022-02-28 22:02:38","2022-02-28 22:02:38",0
190,12534,420,"2022-02-28 22:02:38","2022-02-28 22:02:38",0
191,12535,420,"2022-02-28 22:02:38","2022-02-28 22:02:38",0
192,12536,420,"2022-02-28 22:02:38","2022-02-28 22:02:38",1
193,12537,420,"2022-02-28 22:02:38","2022-02-28 22:02:38",1
194,12538,420,"2022-02-28 22:02:38","2022-02-28 22:02:38",0
195,12539,420,"2022-02-28 22:02:38","2022-02-28 22:02:38",1
196,12540,420,"2022-02-28 22:02:38","2022-02-28 22:02:38",1
197,12541,420,"2022-02-28 22:02:38","2022-02-28 22:02:38",1
198,12542,420,"2022-02-28 22:02:38","2022-02-28 22:02:38",1
199,12543,420,"2022-02-28 22:02:38","2022-02-28 22:02:38",1
200,12544,420,"2022-02-28 22:02:38","2022-02-28 22:02:38",1
201,12545,420,"2022-02-28 22:02:38","2022-02-28 22:02:38",1
202,12546,420,"2022-02-28 22:02:38","2022-02-28 22:02:38",1
203,12547,420,"2022-02-28 22:02:38","2022-02-28 22:02:38",1
204,12548,420,"2022-02-28 22:02:38","2022-02-28 22:02:38",1
205,12549,420,"2022-02-28 22:02:38","2022-02-28 22:02:38",1
206,12550,420,"2022-02-28 22:02:38","2022-02-28 22:02:38",1
207,12551,420,"2022-02-28 22:02:38","2022-02-28 22:02:38",1
208,12552,420,"2022-02-28 22:02:38","2022-02-28 22:02:38",0
209,12553,420,"2022-02-28 22:02:38","2022-02-28 22:02:38",1
210,12554,420,"2022-02-28 22:02:38","2022-02-28 22:02:38",1
211,12555,420,"2022-02-28 22:02:38","2022-02-28 22:02:38",0
212,12556,420,"2022-02-28 22:02:38","2022-02-28 22:02:38",0
213,12557,420,"2022-02-28 22:02:38","2022-02-28 22:02:38",1
214,12558,420,"2022-02-28 22:02:38","2022-02-28 22:02:38",0
215,12559,420,"2022-02-28 22:02:38","2022-02-28 22:02:38",1
216,12560,420,"2022-02-28 22:02:38","2022-02-28 22:02:38",1
217,12561,420,"2022-02-28 22:02:38","2022-02-28 22:02:38",0
218,12562,420,"2022-02-28 22:02:38","2022-02-28 22:02:38",1
219,12563,420,"2022-02-28 22:02:38","2022-02-28 22:02:38",0
220,12564,420,"2022-02-28 22:02:38","2022-02-28 22:02:38",0
221,12565,420,"2022-02-28 22:02:38","2022-02-28 22:02:38",1
222,12566,420,"2022-02-28 22:02:38","2022-02-28 22:02:38",1
223,12567,420,"2022-02-28 22:02:38","2022-02-28 22:02:38",1
224,12568,420,"2022-02-28 22:02:38","2022-02-28 22:02:38",0
225,12569,420,"2022-02-28 22:02:38","2022-02-28 22:02:38",0
226,12570,420,"2022-02-28 22:02:38","2022-02-28 22:02:38",0
227,12571,420,"2022-02-28 22:02:38","2022-02-28 22:02:38",1
228,12572,420,"2022-02-28 22:02:38","2022-02-28 22:02:38",0
229,12573,420,"2022-02-28 22:02:38","2022-02-28 22:02:38",0
230,12574,420,"2022-02-28 22:02:38","2022-02-28 22:02:38",0
231,12575,420,"2022-02-28 22:02:38","2022-02-28 22:02:38",1
232,12576,420,"2022-02-28 22:02:38","2022-02-28 22:02:38",0
233,12577,420,"2022-02-28 22:02:38","2022-02-28 22:02:38",1
234,12578,420,"2022-02-28 22:02:38","2022-02-28 22:02:38",0
235,12579,420,"2022-02-28 22:02:38","2022-02-28 22:02:38",1
236,12580,420,"2022-02-28 22:02:38","2022-02-28 22:02:38",1
237,12581,420,"2022-02-28 22:02:38","2022-02-28 22:02:38",1
238,12582,420,"2022-02-28 22:02:38","2022-02-28 22:02:38",1
239,12583,420,"2022-02-28 22:02:38","2022-02-28 22:02:38",0
240,12584,420,"2022-02-28 22:02:38","2022-02-28 22:02:38",0
241,12585,420,"2022-02-28 22:02:38","2022-02-28 22:02:38",1
242,12586,420,"2022-02-28 22:02:38","2022-02-28 22:02:38",0
243,12587,420,"2022-02-28 22:02:38","2022-02-28 22:02:38",0
244,12588,420,"2022-02-28 22:02:38","2022-02-28 22:02:38",0
245,12589,420,"2022-02-28 22:02:38","2022-02-28 22:02:38",1
246,12590,420,"2022-02-28 22:02:38","2022-02-28 22:02:38",1
247,12591,420,"2022-02-28 22:02:38","2022-02-28 22:02:38",1
248,12592,420,"2022-02-28 22:02:38","2022-02-28 22:02:38",0
249,12593,420,"2022-02-28 22:02:38","2022-02-28 22:02:38",0
250,12594,420,"2022-02-28 22:02:38","2022-02-28 22:02:38",0
251,12595,420,"2022-02-28 22:02:38","2022-02-28 22:02:38",0
252,12596,420,"2022-02-28 22:02:38","2022-02-28 22:02:38",1
253,12597,420,"2022-02-28 22:02:38","2022-02-28 22:02:38",1
254,12598,420,"2022-02-28 22:02:38","2022-02-28 22:02:38",1
255,12599,420,"2022-02-28 22:02:38","2022-02-28 22:02:38",0
256,12600,420,"2022-02-28 22:02:38","2022-02-28 22:02:38",1
257,12601,420,"2022-02-28 22:02:38","2022-02-28 22:02:38",1
258,12602,420,"2022-02-28 22:02:38","2022-02-28 22:02:38",0
259,12603,420,"2022-02-28 22:02:38","2022-02-28 22:02:38",0
260,12604,420,"2022-02-28 22:02:38","2022-02-28 22:02:38",0
261,12605,420,"2022-02-28 22:02:38","2022-02-28 22:02:38",1
262,12606,420,"2022-02-28 22:02:38","2022-02-28 22:02:38",0
263,12607,420,"2022-02-28 22:02:38","2022-02-28 22:02:38",0
264,12608,420,"2022-02-28 22:02:38","2022-02-28 22:02:38",0
265,12609,420,"2022-02-28 22:02:38","2022-02-28 22:02:38",0
266,12610,420,"2022-02-28 22:02:38","2022-02-28 22:02:38",0
267,12611,420,"2022-02-28 22:02:38","2022-02-28 22:02:38",0
268,12612,420,"2022-02-28 22:02:38","2022-02-28 22:02:38",0
269,12613,420,"2022-02-28 22:02:38","2022-02-28 22:02:38",0
270,12614,420,"2022-02-28 22:02:38","2022-02-28 22:02:38",1
271,12615,420,"2022-02-28 22:02:38","2022-02-28 22:02:38",1
272,12616,420,"2022-02-28 22:02:38","2022-02-28 22:02:38",0
273,12617,420,"2022-02-28 22:02:38","2022-02-28 22:02:38",1
274,12618,420,"2022-02-28 22:02:38","2022-02-28 22:02:38",1
275,12619,420,"2022-02-28 22:02:38","2022-02-28 22:02:38",0
276,12620,420,"2022-02-28 22:02:38","2022-02-28 22:02:38",1
277,12621,420,"2022-02-28 22:02:38","2022-02-28 22:02:38",0
278,12622,420,"2022-02-28 22:02:38","2022-02-28 22:02:38",0
279,12623,420,"2022-02-28 22:02:38","2022-02-28 22:02:38",1
280,12624,420,"2022-02-28 22:02:38","2022-02-28 22:02:38",0
281,12625,420,"2022-02-28 22:02:38","2022-02-28 22:02:38",1
282,12626,420,"2022-02-28 22:02:38","2022-02-28 22:02:38",0
283,12627,420,"2022-02-28 22:02:38","2022-02-28 22:02:38",0
284,12628,420,"2022-02-28 22:02:38","2022-02-28 22:02:38",0
285,12629,420,"2022-02-28 22:02:38","2022-02-28 22:02:38",1
286,12630,420,"2022-02-28 22:02:38","2022-02-28 22:02:38",1
287,12631,420,"2022-02-28 22:02:38","2022-02-28 22:02:38",1
288,12632,420,"2022-02-28 22:02:38","2022-02-28 22:02:38",0
289,12633,420,"2022-02-28 22:02:38","2022-02-28 22:02:38",1
290,12634,420,"2022-02-28 22:02:38","2022-02-28 22:02:38",0
291,12635,420,"2022-02-28 22:02:38","2022-02-28 22:02:38",0
292,12636,420,"2022-02-28 22:02:38","2022-02-28 22:02:38",1
293,12637,420,"2022-02-28 22:02:38","2022-02-28 22:02:38",0
294,12638,420,"2022-02-28 22:02:38","2022-02-28 22:02:38",1
295,12639,420,"2022-02-28 22:02:38","2022-02-28 22:02:38",1
296,12640,420,"2022-02-28 22:02:38","2022-02-28 22:02:38",1
297,12641,420,"2022-02-28 22:02:38","2022-02-28 22:02:38",1
298,12642,420,"2022-02-28 22:02:38","2022-02-28 22:02:38",1
299,12643,420,"2022-02-28 22:02:38","2022-02-28 22:02:38",1
300,12644,420,"2022-02-28 22:02:38","2022-02-28 22:02:38",0
301,12645,420,"2022-02-28 22:02:38","2022-02-28 22:02:38",0
302,12646,420,"2022-02-28 22:02:38","2022-02-28 22:02:38",0
303,12647,420,"2022-02-28 22:02:38","2022-02-28 22:02:38",1
304,12648,420,"2022-02-28 22:02:38","2022-02-28 22:02:38",0
305,12649,420,"2022-02-28 22:02:38","2022-02-28 22:02:38",0
306,12650,420,"2022-02-28 22:02:38","2022-02-28 22:02:38",1
307,12651,420,"2022-02-28 22:02:38","2022-02-28 22:02:38",1
308,12652,420,"2022-02-28 22:02:38","2022-02-28 22:02:38",0
309,12653,420,"2022-02-28 22:02:38","2022-02-28 22:02:38",1
310,12654,420,"2022-02-28 22:02:38","2022-02-28 22:02:38",1
311,12655,420,"2022-02-28 22:02:38","2022-02-28 22:02:38",1
312,12656,420,"2022-02-28 22:02:38","2022-02-28 22:02:38",0
313,12657,420,"2022-02-28 22:02:38","2022-02-28 22:02:38",1
314,12658,420,"2022-02-28 22:02:38","2022-02-28 22:02:38",0
315,12659,420,"2022-02-28 22:02:38","2022-02-28 22:02:38",1
316,12660,420,"2022-02-28 22:02:38","2022-02-28 22:02:38",1
317,12661,420,"2022-02-28 22:02:38","2022-02-28 22:02:38",1
318,12662,420,"2022-02-28 22:02:38","2022-02-28 22:02:38",1
319,12663,420,"2022-02-28 22:02:38","2022-02-28 22:02:38",0
320,12664,420,"2022-02-28 22:02:38","2022-02-28 22:02:38",1
321,12665,420,"2022-02-28 22:02:38","2022-02-28 22:02:38",1
322,12666,420,"2022-02-28 22:02:38","2022-02-28 22:02:38",1
323,12667,420,"2022-02-28 22:02:38","2022-02-28 22:02:38",0
324,12668,420,"2022-02-28 22:02:38","2022-02-28 22:02:38",0
325,12669,420,"2022-02-28 22:02:38","2022-02-28 22:02:38",1
326,12670,420,"2022-02-28 22:02:38","2022-02-28 22:02:38",1
327,12671,420,"2022-02-28 22:02:38","2022-02-28 22:02:38",0
328,12672,420,"2022-02-28 22:02:38","2022-02-28 22:02:38",0
329,12673,420,"2022-02-28 22:02:38","2022-02-28 22:02:38",0
330,12674,420,"2022-02-28 22:02:38","2022-02-28 22:02:38",0
331,12675,420,"2022-02-28 22:02:38","2022-02-28 22:02:38",1
332,12676,420,"2022-02-28 22:02:38","2022-02-28 22:02:38",1
333,12677,420,"2022-02-28 22:02:38","2022-02-28 22:02:38",0
334,12678,420,"2022-02-28 22:02:38","2022-02-28 22:02:38",1
335,12679,420,"2022-02-28 22:02:38","2022-02-28 22:02:38",0
336,12680,420,"2022-02-28 22:02:38","2022-02-28 22:02:38",1
337,12681,420,"2022-02-28 22:02:38","2022-02-28 22:02:38",0
338,12682,420,"2022-02-28 22:02:38","2022-02-28 22:02:38",1
339,12683,420,"2022-02-28 22:02:38","2022-02-28 22:02:38",0
340,12684,420,"2022-02-28 22:02:38","2022-02-28 22:02:38",1
341,12685,420,"2022-02-28 22:02:38","2022-02-28 22:02:38",1
342,12686,420,"2022-02-28 22:02:38","2022-02-28 22:02:38",0
343,12687,420,"2022-02-28 22:02:38","2022-02-28 22:02:38",1
344,12688,420,"2022-02-28 22:02:38","2022-02-28 22:02:38",1
345,12689,420,"2022-02-28 22:02:38","2022-02-28 22:02:38",0
346,12690,420,"2022-02-28 22:02:38","2022-02-28 22:02:38",1
347,12691,420,"2022-02-28 22:02:38","2022-02-28 22:02:38",0
348,12692,420,"2022-02-28 22:02:38","2022-02-28 22:02:38",1
349,12693,420,"2022-02-28 22:02:38","2022-02-28 22:02:38",0
350,12694,420,"2022-02-28 22:02:38","2022-02-28 22:02:38",1
351,12695,420,"2022-02-28 22:02:38","2022-02-28 22:02:38",1
352,12696,420,"2022-02-28 22:02:38","2022-02-28 22:02:38",1
353,12697,420,"2022-02-28 22:02:38","2022-02-28 22:02:38",1
354,12698,420,"2022-02-28 22:02:38","2022-02-28 22:02:38",1
355,12699,420,"2022-02-28 22:02:38","2022-02-28 22:02:38",1
356,12700,755,"2022-02-28 22:02:38","2022-02-28 22:02:38",0
357,12701,756,"2022-02-28 22:02:38","2022-02-28 22:02:38",1
358,12702,757,"2022-02-28 22:02:38","2022-02-28 22:02:38",0
359,12703,758,"2022-02-28 22:02:38","2022-02-28 22:02:38",0
360,12704,759,"2022-02-28 22:02:38","2022-02-28 22:02:38",0
361,12705,760,"2022-02-28 22:02:38","2022-02-28 22:02:38",1
362,12706,761,"2022-02-28 22:02:38","2022-02-28 22:02:38",0
363,12707,762,"2022-02-28 22:02:38","2022-02-28 22:02:38",0
364,12708,763,"2022-02-28 22:02:38","2022-02-28 22:02:38",1
365,12709,764,"2022-02-28 22:02:38","2022-02-28 22:02:38",0
366,12710,765,"2022-02-28 22:02:38","2022-02-28 22:02:38",0
367,12711,766,"2022-02-28 22:02:38","2022-02-28 22:02:38",0
368,12712,767,"2022-02-28 22:02:38","2022-02-28 22:02:38",1
369,12713,768,"2022-02-28 22:02:38","2022-02-28 22:02:38",1
370,12714,769,"2022-02-28 22:02:38","2022-02-28 22:02:38",1
371,12715,770,"2022-02-28 22:02:38","2022-02-28 22:02:38",0
372,12716,771,"2022-02-28 22:02:38","2022-02-28 22:02:38",0
373,12717,772,"2022-02-28 22:02:38","2022-02-28 22:02:38",1
374,12718,773,"2022-02-28 22:02:38","2022-02-28 22:02:38",0
375,12719,774,"2022-02-28 22:02:38","2022-02-28 22:02:38",1
376,12720,775,"2022-02-28 22:02:38","2022-02-28 22:02:38",1
377,12721,776,"2022-02-28 22:02:38","2022-02-28 22:02:38",0
378,12722,777,"2022-02-28 22:02:38","2022-02-28 22:02:38",0
379,12723,778,"2022-02-28 22:02:38","2022-02-28 22:02:38",0
380,12724,779,"2022-02-28 22:02:38","2022-02-28 22:02:38",1
381,12725,780,"2022-02-28 22:02:38","2022-02-28 22:02:38",0
382,12726,781,"2022-02-28 22:02:38","2022-02-28 22:02:38",1
383,12727,782,"2022-02-28 22:02:38","2022-02-28 22:02:38",0
384,12728,783,"2022-02-28 22:02:38","2022-02-28 22:02:38",0
385,12729,784,"2022-02-28 22:02:38","2022-02-28 22:02:38",0
386,12730,785,"2022-02-28 22:02:38","2022-02-28 22:02:38",1
387,12731,786,"2022-02-28 22:02:38","2022-02-28 22:02:38",1
388,12732,787,"2022-02-28 22:02:38","2022-02-28 22:02:38",0
389,12733,788,"2022-02-28 22:02:38","2022-02-28 22:02:38",0
390,12734,789,"2022-02-28 22:02:38","2022-02-28 22:02:38",0
391,12735,790,"2022-02-28 22:02:38","2022-02-28 22:02:38",0
392,12736,791,"2022-02-28 22:02:38","2022-02-28 22:02:38",1
393,12737,792,"2022-02-28 22:02:38","2022-02-28 22:02:38",1
394,12738,793,"2022-02-28 22:02:38","2022-02-28 22:02:38",1
395,12739,794,"2022-02-28 22:02:38","2022-02-28 22:02:38",1
396,12740,795,"2022-02-28 22:02:38","2022-02-28 22:02:38",1
397,12741,796,"2022-02-28 22:02:38","2022-02-28 22:02:38",1
398,12742,797,"2022-02-28 22:02:38","2022-02-28 22:02:38",1
399,12743,798,"2022-02-28 22:02:38","2022-02-28 22:02:38",0
400,12744,799,"2022-02-28 22:02:38","2022-02-28 22:02:38",1
401,12745,800,"2022-02-28 22:02:38","2022-02-28 22:02:38",0
402,12746,801,"2022-02-28 22:02:38","2022-02-28 22:02:38",1
403,12747,802,"2022-02-28 22:02:38","2022-02-28 22:02:38",1
404,12748,803,"2022-02-28 22:02:38","2022-02-28 22:02:38",0
405,12749,804,"2022-02-28 22:02:38","2022-02-28 22:02:38",0
406,12750,805,"2022-02-28 22:02:38","2022-02-28 22:02:38",1
407,12751,806,"2022-02-28 22:02:38","2022-02-28 22:02:38",0
408,12752,807,"2022-02-28 22:02:38","2022-02-28 22:02:38",0
409,12753,808,"2022-02-28 22:02:38","2022-02-28 22:02:38",0
410,12754,809,"2022-02-28 22:02:38","2022-02-28 22:02:38",0
411,12755,810,"2022-02-28 22:02:38","2022-02-28 22:02:38",1
412,12756,811,"2022-02-28 22:02:38","2022-02-28 22:02:38",0
413,12757,812,"2022-02-28 22:02:38","2022-02-28 22:02:38",1
414,12758,813,"2022-02-28 22:02:38","2022-02-28 22:02:38",1
415,12759,814,"2022-02-28 22:02:38","2022-02-28 22:02:38",0
416,12760,815,"2022-02-28 22:02:38","2022-02-28 22:02:38",0
417,12761,816,"2022-02-28 22:02:38","2022-02-28 22:02:38",1
418,12762,817,"2022-02-28 22:02:38","2022-02-28 22:02:38",0
419,12763,818,"2022-02-28 22:02:38","2022-02-28 22:02:38",0
420,12764,819,"2022-02-28 22:02:38","2022-02-28 22:02:38",1
421,12765,820,"2022-02-28 22:02:38","2022-02-28 22:02:38",0
422,12766,821,"2022-02-28 22:02:38","2022-02-28 22:02:38",0
423,12767,822,"2022-02-28 22:02:38","2022-02-28 22:02:38",1
424,12768,823,"2022-02-28 22:02:38","2022-02-28 22:02:38",1
425,12769,824,"2022-02-28 22:02:38","2022-02-28 22:02:38",0
426,12770,825,"2022-02-28 22:02:38","2022-02-28 22:02:38",0
427,12771,826,"2022-02-28 22:02:38","2022-02-28 22:02:38",0
428,12772,827,"2022-02-28 22:02:38","2022-02-28 22:02:38",0
429,12773,828,"2022-02-28 22:02:38","2022-02-28 22:02:38",0
430,12774,829,"2022-02-28 22:02:38","2022-02-28 22:02:38",0
431,12775,830,"2022-02-28 22:02:38","2022-02-28 22:02:38",1
432,12776,831,"2022-02-28 22:02:38","2022-02-28 22:02:38",1
433,12777,832,"2022-02-28 22:02:38","2022-02-28 22:02:38",0
434,12778,833,"2022-02-28 22:02:38","2022-02-28 22:02:38",0
435,12779,834,"2022-02-28 22:02:38","2022-02-28 22:02:38",1
436,12780,835,"2022-02-28 22:02:38","2022-02-28 22:02:38",0
437,12781,836,"2022-02-28 22:02:38","2022-02-28 22:02:38",0
438,12782,837,"2022-02-28 22:02:38","2022-02-28 22:02:38",0
439,12783,838,"2022-02-28 22:02:38","2022-02-28 22:02:38",0
440,12784,839,"2022-02-28 22:02:38","2022-02-28 22:02:38",1
441,12785,840,"2022-02-28 22:02:38","2022-02-28 22:02:38",0
442,12786,840,"2022-02-28 22:02:38","2022-02-28 22:02:38",0
443,12787,840,"2022-02-28 22:02:38","2022-02-28 22:02:38",0
444,12788,840,"2022-02-28 22:02:38","2022-02-28 22:02:38",1
445,12789,840,"2022-02-28 22:02:38","2022-02-28 22:02:38",1
446,12790,840,"2022-02-28 22:02:38","2022-02-28 22:02:38",0
447,12791,840,"2022-02-28 22:02:38","2022-02-28 22:02:38",0
448,12792,840,"2022-02-28 22:02:38","2022-02-28 22:02:38",0
449,12793,840,"2022-02-28 22:02:38","2022-02-28 22:02:38",0
450,12794,840,"2022-02-28 22:02:38","2022-02-28 22:02:38",0
451,12795,840,"2022-02-28 22:02:38","2022-02-28 22:02:38",1
452,12796,840,"2022-02-28 22:02:38","2022-02-28 22:02:38",0
453,12797,840,"2022-02-28 22:02:38","2022-02-28 22:02:38",0
454,12798,840,"2022-02-28 22:02:38","2022-02-28 22:02:38",0
455,12799,840,"2022-02-28 22:02:38","2022-02-28 22:02:38",0
456,12800,840,"2022-02-28 22:02:38","2022-02-28 22:02:38",1
457,12801,840,"2022-02-28 22:02:38","2022-02-28 22:02:38",0
458,12802,840,"2022-02-28 22:02:38","2022-02-28 22:02:38",0
459,12803,840,"2022-02-28 22:02:38","2022-02-28 22:02:38",0
460,12804,840,"2022-02-28 22:02:38","2022-02-28 22:02:38",0
461,12805,840,"2022-02-28 22:02:38","2022-02-28 22:02:38",0
462,12806,840,"2022-02-28 22:02:38","2022-02-28 22:02:38",1
463,12807,840,"2022-02-28 22:02:38","2022-02-28 22:02:38",0
464,12808,840,"2022-02-28 22:02:38","2022-02-28 22:02:38",1
465,12809,840,"2022-02-28 22:02:38","2022-02-28 22:02:38",1
466,12810,840,"2022-02-28 22:02:38","2022-02-28 22:02:38",1
467,12811,840,"2022-02-28 22:02:38","2022-02-28 22:02:38",0
468,12812,840,"2022-02-28 22:02:38","2022-02-28 22:02:38",0
469,12813,840,"2022-02-28 22:02:38","2022-02-28 22:02:38",1
470,12814,840,"2022-02-28 22:02:38","2022-02-28 22:02:38",1
471,12815,840,"2022-02-28 22:02:38","2022-02-28 22:02:38",1
472,12816,840,"2022-02-28 22:02:38","2022-02-28 22:02:38",0
473,12817,840,"2022-02-28 22:02:38","2022-02-28 22:02:38",0
474,12818,840,"2022-02-28 22:02:38","2022-02-28 22:02:38",1
475,12819,840,"2022-02-28 22:02:38","2022-02-28 22:02:38",0
476,12820,840,"2022-02-28 22:02:38","2022-02-28 22:02:38",1
477,12821,840,"2022-02-28 22:02:38","2022-02-28 22:02:38",1
478,12822,840,"2022-02-28 22:02:38","2022-02-28 22:02:38",1
479,12823,840,"2022-02-28 22:02:38","2022-02-28 22:02:38",1
480,12824,840,"2022-02-28 22:02:38","2022-02-28 22:02:38",1
481,12825,840,"2022-02-28 22:02:38","2022-02-28 22:02:38",1
482,12826,840,"2022-02-28 22:02:38","2022-02-28 22:02:38",0
483,12827,840,"2022-02-28 22:02:38","2022-02-28 22:02:38",1
484,12828,840,"2022-02-28 22:02:38","2022-02-28 22:02:38",0
485,12829,840,"2022-02-28 22:02:38","2022-02-28 22:02:38",0
486,12830,840,"2022-02-28 22:02:38","2022-02-28 22:02:38",0
487,12831,840,"2022-02-28 22:02:38","2022-02-28 22:02:38",1
488,12832,840,"2022-02-28 22:02:38","2022-02-28 22:02:38",0
489,12833,840,"2022-02-28 22:02:38","2022-02-28 22:02:38",1
490,12834,840,"2022-02-28 22:02:38","2022-02-28 22:02:38",1
491,12835,840,"2022-02-28 22:02:38","2022-02-28 22:02:38",1
492,12836,840,"2022-02-28 22:02:38","2022-02-28 22:02:38",0
493,12837,840,"2022-02-28 22:02:38","2022-02-28 22:02:38",1
494,12838,840,"2022-02-28 22:02:38","2022-02-28 22:02:38",0
495,12839,840,"2022-02-28 22:02:38","2022-02-28 22:02:38",0
496,12840,840,"2022-02-28 22:02:38","2022-02-28 22:02:38",0
497,12841,840,"2022-02-28 22:02:38","2022-02-28 22:02:38",1
498,12842,840,"2022-02-28 22:02:38","2022-02-28 22:02:38",0
499,12843,840,"2022-02-28 22:02:38","2022-02-28 22:02:38",0
500,12844,840,"2022-02-28 22:02:38","2022-02-28 22:02:38",0
501,12845,840,"2022-02-28 22:02:38","2022-02-28 22:02:38",0
502,12846,840,"2022-02-28 22:02:38","2022-02-28 22:02:38",1
503,12847,840,"2022-02-28 22:02:38","2022-02-28 22:02:38",1
504,12848,840,"2022-02-28 22:02:38","2022-02-28 22:02:38",1
505,12849,840,"2022-02-28 22:02:38","2022-02-28 22:02:38",0
506,12850,840,"2022-02-28 22:02:38","2022-02-28 22:02:38",1
507,12851,840,"2022-02-28 22:02:38","2022-02-28 22:02:38",0
508,12852,840,"2022-02-28 22:02:38","2022-02-28 22:02:38",0
509,12853,840,"2022-02-28 22:02:38","2022-02-28 22:02:38",1
510,12854,840,"2022-02-28 22:02:38","2022-02-28 22:02:38",0
511,12855,840,"2022-02-28 22:02:38","2022-02-28 22:02:38",0
512,12856,840,"2022-02-28 22:02:38","2022-02-28 22:02:38",0
513,12857,840,"2022-02-28 22:02:38","2022-02-28 22:02:38",1
514,12858,840,"2022-02-28 22:02:38","2022-02-28 22:02:38",0
515,12859,840,"2022-02-28 22:02:38","2022-02-28 22:02:38",1
516,12860,840,"2022-02-28 22:02:38","2022-02-28 22:02:38",1
517,12861,840,"2022-02-28 22:02:38","2022-02-28 22:02:38",1
518,12862,840,"2022-02-28 22:02:38","2022-02-28 22:02:38",0
519,12863,840,"2022-02-28 22:02:38","2022-02-28 22:02:38",0
520,12864,840,"2022-02-28 22:02:38","2022-02-28 22:02:38",0
521,12865,840,"2022-02-28 22:02:38","2022-02-28 22:02:38",1
522,12866,840,"2022-02-28 22:02:38","2022-02-28 22:02:38",0
523,12867,840,"2022-02-28 22:02:38","2022-02-28 22:02:38",1
524,12868,840,"2022-02-28 22:02:38","2022-02-28 22:02:38",0
525,12869,840,"2022-02-28 22:02:38","2022-02-28 22:02:38",0
526,12870,840,"2022-02-28 22:02:38","2022-02-28 22:02:38",0
527,12871,840,"2022-02-28 22:02:38","2022-02-28 22:02:38",1
528,12872,840,"2022-02-28 22:02:38","2022-02-28 22:02:38",1
529,12873,840,"2022-02-28 22:02:38","2022-02-28 22:02:38",0
530,12874,840,"2022-02-28 22:02:38","2022-02-28 22:02:38",0
531,12875,840,"2022-02-28 22:02:38","2022-02-28 22:02:38",0
532,12876,840,"2022-02-28 22:02:38","2022-02-28 22:02:38",0
533,12877,840,"2022-02-28 22:02:38","2022-02-28 22:02:38",1
534,12878,840,"2022-02-28 22:02:38","2022-02-28 22:02:38",1
535,12879,840,"2022-02-28 22:02:38","2022-02-28 22:02:38",1
536,12880,840,"2022-02-28 22:02:38","2022-02-28 22:02:38",1
537,12881,840,"2022-02-28 22:02:38","2022-02-28 22:02:38",1
538,12882,840,"2022-02-28 22:02:38","2022-02-28 22:02:38",0
539,12883,840,"2022-02-28 22:02:38","2022-02-28 22:02:38",1
540,12884,840,"2022-02-28 22:02:38","2022-02-28 22:02:38",1
541,12885,840,"2022-02-28 22:02:38","2022-02-28 22:02:38",1
542,12886,840,"2022-02-28 22:02:38","2022-02-28 22:02:38",1
543,12887,840,"2022-02-28 22:02:38","2022-02-28 22:02:38",1
544,12888,840,"2022-02-28 22:02:38","2022-02-28 22:02:38",1
545,12889,840,"2022-02-28 22:02:38","2022-02-28 22:02:38",0
546,12890,840,"2022-02-28 22:02:38","2022-02-28 22:02:38",0
547,12891,840,"2022-02-28 22:02:38","2022-02-28 22:02:38",1
548,12892,840,"2022-02-28 22:02:38","2022-02-28 22:02:38",1
549,12893,840,"2022-02-28 22:02:38","2022-02-28 22:02:38",1
550,12894,840,"2022-02-28 22:02:38","2022-02-28 22:02:38",0
551,12895,840,"2022-02-28 22:02:38","2022-02-28 22:02:38",0
552,12896,840,"2022-02-28 22:02:38","2022-02-28 22:02:38",0
553,12897,840,"2022-02-28 22:02:38","2022-02-28 22:02:38",1
554,12898,840,"2022-02-28 22:02:38","2022-02-28 22:02:38",1
555,12899,840,"2022-02-28 22:02:38","2022-02-28 22:02:38",1
556,12900,840,"2022-02-28 22:02:38","2022-02-28 22:02:38",0
557,12901,840,"2022-02-28 22:02:38","2022-02-28 22:02:38",1
558,12902,840,"2022-02-28 22:02:38","2022-02-28 22:02:38",1
559,12903,840,"2022-02-28 22:02:38","2022-02-28 22:02:38",0
560,12904,840,"2022-02-28 22:02:38","2022-02-28 22:02:38",1
561,12905,840,"2022-02-28 22:02:38","2022-02-28 22:02:38",0
562,12906,840,"2022-02-28 22:02:38","2022-02-28 22:02:38",1
563,12907,840,"2022-02-28 22:02:38","2022-02-28 22:02:38",1
564,12908,840,"2022-02-28 22:02:38","2022-02-28 22:02:38",0
565,12909,840,"2022-02-28 22:02:38","2022-02-28 22:02:38",0
566,12910,840,"2022-02-28 22:02:38","2022-02-28 22:02:38",0
567,12911,840,"2022-02-28 22:02:38","2022-02-28 22:02:38",1
568,12912,840,"2022-02-28 22:02:38","2022-02-28 22:02:38",1
569,12913,840,"2022-02-28 22:02:38","2022-02-28 22:02:38",0
570,12914,840,"2022-02-28 22:02:38","2022-02-28 22:02:38",0
571,12915,840,"2022-02-28 22:02:38","2022-02-28 22:02:38",0
572,12916,840,"2022-02-28 22:02:38","2022-02-28 22:02:38",1
573,12917,840,"2022-02-28 22:02:38","2022-02-28 22:02:38",1
574,12918,840,"2022-02-28 22:02:38","2022-02-28 22:02:38",0
575,12919,840,"2022-02-28 22:02:38","2022-02-28 22:02:38",1
576,12920,840,"2022-02-28 22:02:38","2022-02-28 22:02:38",0
577,12921,840,"2022-02-28 22:02:38","2022-02-28 22:02:38",0
578,12922,840,"2022-02-28 22:02:38","2022-02-28 22:02:38",1
579,12923,840,"2022-02-28 22:02:38","2022-02-28 22:02:38",0
580,12924,840,"2022-02-28 22:02:38","2022-02-28 22:02:38",1
581,12925,840,"2022-02-28 22:02:38","2022-02-28 22:02:38",0
582,12926,840,"2022-02-28 22:02:38","2022-02-28 22:02:38",1
583,12927,840,"2022-02-28 22:02:38","2022-02-28 22:02:38",0
584,12928,840,"2022-02-28 22:02:38","2022-02-28 22:02:38",0
585,12929,840,"2022-02-28 22:02:38","2022-02-28 22:02:38",0
586,12930,840,"2022-02-28 22:02:38","2022-02-28 22:02:38",0
587,12931,840,"2022-02-28 22:02:38","2022-02-28 22:02:38",0
588,12932,840,"2022-02-28 22:02:38","2022-02-28 22:02:38",0
589,12933,840,"2022-02-28 22:02:38","2022-02-28 22:02:38",0
590,12934,840,"2022-02-28 22:02:38","2022-02-28 22:02:38",0
591,12935,840,"2022-02-28 22:02:38","2022-02-28 22:02:38",0
592,12936,840,"2022-02-28 22:02:38","2022-02-28 22:02:38",0
593,12937,840,"2022-02-28 22:02:38","2022-02-28 22:02:38",1
594,12938,840,"2022-02-28 22:02:38","2022-02-28 22:02:38",1
595,12939,840,"2022-02-28 22:02:38","2022-02-28 22:02:38",1
596,12940,995,"2022-02-28 22:02:38","2022-02-28 22:02:38",0
597,12941,996,"2022-02-28 22:02:38","2022-02-28 22:02:38",1
598,12942,997,"2022-02-28 22:02:38","2022-02-28 22:02:38",1
599,12943,998,"2022-02-28 22:02:38","2022-02-28 22:02:38",0
600,12944,999,"2022-02-28 22:02:38","2022-02-28 22:02:38",0
601,12945,1000,"2022-02-28 22:02:38","2022-02-28 22:02:38",1
602,12946,1001,"2022-02-28 22:02:38","2022-02-28 22:02:38",1
603,12947,1002,"2022-02-28 22:02:38","2022-02-28 22:02:38",1
604,12948,1003,"2022-02-28 22:02:38","2022-02-28 22:02:38",1
605,12949,1004,"2022-02-28 22:02:38","2022-02-28 22:02:38",0
606,12950,1005,"2022-02-28 22:02:38","2022-02-28 22:02:38",0
607,12951,1006,"2022-02-28 22:02:38","2022-02-28 22:02:38",0
608,12952,1007,"2022-02-28 22:02:38","2022-02-28 22:02:38",1
609,12953,1008,"2022-02-28 22:02:38","2022-02-28 22:02:38",0
610,12954,1009,"2022-02-28 22:02:38","2022-02-28 22:02:38",1
611,12955,1010,"2022-02-28 22:02:38","2022-02-28 22:02:38",1
612,12956,1011,"2022-02-28 22:02:38","2022-02-28 22:02:38",1
613,12957,1012,"2022-02-28 22:02:38","2022-02-28 22:02:38",1
614,12958,1013,"2022-02-28 22:02:38","2022-02-28 22:02:38",0
615,12959,1014,"2022-02-28 22:02:38","2022-02-28 22:02:38",0
616,12960,1015,"2022-02-28 22:02:38","2022-02-28 22:02:38",0
617,12961,1016,"2022-02-28 22:02:38","2022-02-28 22:02:38",1
618,12962,1017,"2022-02-28 22:02:38","2022-02-28 22:02:38",1
619,12963,1018,"2022-02-28 22:02:38","2022-02-28 22:02:38",1
620,12964,1019,"2022-02-28 22:02:38","2022-02-28 22:02:38",1
621,12965,1020,"2022-02-28 22:02:38","2022-02-28 22:02:38",0
622,12966,1021,"2022-02-28 22:02:38","2022-02-28 22:02:38",1
623,12967,1022,"2022-02-28 22:02:38","2022-02-28 22:02:38",0
624,12968,1023,"2022-02-28 22:02:38","2022-02-28 22:02:38",0
625,12969,1024,"2022-02-28 22:02:38","2022-02-28 22:02:38",1
626,12970,1025,"2022-02-28 22:02:38","2022-02-28 22:02:38",0
627,12971,1026,"2022-02-28 22:02:38","2022-02-28 22:02:38",1
628,12972,1027,"2022-02-28 22:02:38","2022-02-28 22:02:38",0
629,12973,1028,"2022-02-28 22:02:38","2022-02-28 22:02:38",1
630,12974,1029,"2022-02-28 22:02:38","2022-02-28 22:02:38",1
631,12975,1030,"2022-02-28 22:02:38","2022-02-28 22:02:38",1
632,12976,1031,"2022-02-28 22:02:38","2022-02-28 22:02:38",0
633,12977,1032,"2022-02-28 22:02:38","2022-02-28 22:02:38",0
634,12978,1033,"2022-02-28 22:02:38","2022-02-28 22:02:38",0
635,12979,1034,"2022-02-28 22:02:38","2022-02-28 22:02:38",0
636,12980,1035,"2022-02-28 22:02:38","2022-02-28 22:02:38",0
637,12981,1036,"2022-02-28 22:02:38","2022-02-28 22:02:38",1
638,12982,1037,"2022-02-28 22:02:38","2022-02-28 22:02:38",1
639,12983,1038,"2022-02-28 22:02:38","2022-02-28 22:02:38",0
640,12984,1039,"2022-02-28 22:02:38","2022-02-28 22:02:38",1
641,12985,1040,"2022-02-28 22:02:38","2022-02-28 22:02:38",1
642,12986,1041,"2022-02-28 22:02:38","2022-02-28 22:02:38",1
643,12987,1042,"2022-02-28 22:02:38","2022-02-28 22:02:38",0
644,12988,1043,"2022-02-28 22:02:38","2022-02-28 22:02:38",1
645,12989,1044,"2022-02-28 22:02:38","2022-02-28 22:02:38",0
646,12990,1045,"2022-02-28 22:02:38","2022-02-28 22:02:38",0
647,12991,1046,"2022-02-28 22:02:38","2022-02-28 22:02:38",1
648,12992,1047,"2022-02-28 22:02:38","2022-02-28 22:02:38",1
649,12993,1048,"2022-02-28 22:02:38","2022-02-28 22:02:38",1
650,12994,1049,"2022-02-28 22:02:38","2022-02-28 22:02:38",0
651,12995,1050,"2022-02-28 22:02:38","2022-02-28 22:02:38",0
652,12996,1051,"2022-02-28 22:02:38","2022-02-28 22:02:38",0
653,12997,1052,"2022-02-28 22:02:38","2022-02-28 22:02:38",1
654,12998,1053,"2022-02-28 22:02:38","2022-02-28 22:02:38",0
655,12999,1054,"2022-02-28 22:02:38","2022-02-28 22:02:38",1
656,13000,1055,"2022-02-28 22:02:38","2022-02-28 22:02:38",1
657,13001,1056,"2022-02-28 22:02:38","2022-02-28 22:02:38",1
658,13002,1057,"2022-02-28 22:02:38","2022-02-28 22:02:38",0
659,13003,1058,"2022-02-28 22:02:38","2022-02-28 22:02:38",1
660,13004,1059,"2022-02-28 22:02:38","2022-02-28 22:02:38",0
661,13005,1060,"2022-02-28 22:02:38","2022-02-28 22:02:38",1
662,13006,1061,"2022-02-28 22:02:38","2022-02-28 22:02:38",1
663,13007,1062,"2022-02-28 22:02:38","2022-02-28 22:02:38",0
664,13008,1063,"2022-02-28 22:02:38","2022-02-28 22:02:38",1
665,13009,1064,"2022-02-28 22:02:38","2022-02-28 22:02:38",1
666,13010,1065,"2022-02-28 22:02:38","2022-02-28 22:02:38",0
667,13011,1066,"2022-02-28 22:02:38","2022-02-28 22:02:38",0
668,13012,1067,"2022-02-28 22:02:38","2022-02-28 22:02:38",0
669,13013,1068,"2022-02-28 22:02:38","2022-02-28 22:02:38",0
670,13014,1069,"2022-02-28 22:02:38","2022-02-28 22:02:38",0
671,13015,1070,"2022-02-28 22:02:38","2022-02-28 22:02:38",0
672,13016,1071,"2022-02-28 22:02:38","2022-02-28 22:02:38",0
673,13017,1072,"2022-02-28 22:02:38","2022-02-28 22:02:38",0
674,13018,1073,"2022-02-28 22:02:38","2022-02-28 22:02:38",0
675,13019,1074,"2022-02-28 22:02:38","2022-02-28 22:02:38",1
676,13020,1075,"2022-02-28 22:02:38","2022-02-28 22:02:38",1
677,13021,1076,"2022-02-28 22:02:38","2022-02-28 22:02:38",1
678,13022,1077,"2022-02-28 22:02:38","2022-02-28 22:02:38",1
679,13023,1078,"2022-02-28 22:02:38","2022-02-28 22:02:38",0
680,13024,1079,"2022-02-28 22:02:38","2022-02-28 22:02:38",1
681,13025,1080,"2022-02-28 22:02:38","2022-02-28 22:02:38",0
682,13026,1081,"2022-02-28 22:02:38","2022-02-28 22:02:38",1
683,13027,1082,"2022-02-28 22:02:38","2022-02-28 22:02:38",0
684,13028,1083,"2022-02-28 22:02:38","2022-02-28 22:02:38",0
685,13029,1084,"2022-02-28 22:02:38","2022-02-28 22:02:38",0
686,13030,1085,"2022-02-28 22:02:38","2022-02-28 22:02:38",0
687,13031,1086,"2022-02-28 22:02:38","2022-02-28 22:02:38",0
688,13032,1087,"2022-02-28 22:02:38","2022-02-28 22:02:38",0
689,13033,1088,"2022-02-28 22:02:38","2022-02-28 22:02:38",0
690,13034,1089,"2022-02-28 22:02:38","2022-02-28 22:02:38",1
691,13035,1090,"2022-02-28 22:02:38","2022-02-28 22:02:38",0
692,13036,1091,"2022-02-28 22:02:38","2022-02-28 22:02:38",0
693,13037,1092,"2022-02-28 22:02:38","2022-02-28 22:02:38",0
694,13038,1093,"2022-02-28 22:02:38","2022-02-28 22:02:38",1
695,13039,1094,"2022-02-28 22:02:38","2022-02-28 22:02:38",1
696,13040,1095,"2022-02-28 22:02:38","2022-02-28 22:02:38",0
697,13041,1096,"2022-02-28 22:02:38","2022-02-28 22:02:38",1
698,13042,1097,"2022-02-28 22:02:38","2022-02-28 22:02:38",1
699,13043,1098,"2022-02-28 22:02:38","2022-02-28 22:02:38",0
700,13044,1099,"2022-02-28 22:02:38","2022-02-28 22:02:38",1
701,13045,1100,"2022-02-28 22:02:38","2022-02-28 22:02:38",1
702,13046,1101,"2022-02-28 22:02:38","2022-02-28 22:02:38",0
703,13047,1102,"2022-02-28 22:02:38","2022-02-28 22:02:38",0
704,13048,1103,"2022-02-28 22:02:38","2022-02-28 22:02:38",1
705,13049,1104,"2022-02-28 22:02:38","2022-02-28 22:02:38",0
706,13050,1105,"2022-02-28 22:02:38","2022-02-28 22:02:38",0
707,13051,1106,"2022-02-28 22:02:38","2022-02-28 22:02:38",0
708,13052,1107,"2022-02-28 22:02:38","2022-02-28 22:02:38",1
709,13053,1108,"2022-02-28 22:02:38","2022-02-28 22:02:38",1
710,13054,1109,"2022-02-28 22:02:38","2022-02-28 22:02:38",1
711,13055,1110,"2022-02-28 22:02:38","2022-02-28 22:02:38",0
712,13056,1111,"2022-02-28 22:02:38","2022-02-28 22:02:38",0
713,13057,1112,"2022-02-28 22:02:38","2022-02-28 22:02:38",1
714,13058,1113,"2022-02-28 22:02:38","2022-02-28 22:02:38",0
715,13059,1114,"2022-02-28 22:02:38","2022-02-28 22:02:38",0
716,13060,1115,"2022-02-28 22:02:38","2022-02-28 22:02:38",1
717,13061,1116,"2022-02-28 22:02:38","2022-02-28 22:02:38",1
718,13062,1117,"2022-02-28 22:02:38","2022-02-28 22:02:38",0
719,13063,1118,"2022-02-28 22:02:38","2022-02-28 22:02:38",0
720,13064,1119,"2022-02-28 22:02:38","2022-02-28 22:02:38",0
721,13065,1120,"2022-02-28 22:02:38","2022-02-28 22:02:38",0
722,13066,1121,"2022-02-28 22:02:38","2022-02-28 22:02:38",0
723,13067,1122,"2022-02-28 22:02:38","2022-02-28 22:02:38",1
724,13068,1123,"2022-02-28 22:02:38","2022-02-28 22:02:38",0
725,13069,1124,"2022-02-28 22:02:38","2022-02-28 22:02:38",0
726,13070,1125,"2022-02-28 22:02:38","2022-02-28 22:02:38",0
727,13071,1126,"2022-02-28 22:02:38","2022-02-28 22:02:38",1
728,13072,1127,"2022-02-28 22:02:38","2022-02-28 22:02:38",1
729,13073,1128,"2022-02-28 22:02:38","2022-02-28 22:02:38",0
730,13074,1129,"2022-02-28 22:02:38","2022-02-28 22:02:38",0
731,13075,1130,"2022-02-28 22:02:38","2022-02-28 22:02:38",0
732,13076,1131,"2022-02-28 22:02:38","2022-02-28 22:02:38",1
733,13077,1132,"2022-02-28 22:02:38","2022-02-28 22:02:38",0
734,13078,1133,"2022-02-28 22:02:38","2022-02-28 22:02:38",1
735,13079,1134,"2022-02-28 22:02:38","2022-02-28 22:02:38",0
736,13080,1135,"2022-02-28 22:02:38","2022-02-28 22:02:38",1
737,13081,1136,"2022-02-28 22:02:38","2022-02-28 22:02:38",1
738,13082,1137,"2022-02-28 22:02:38","2022-02-28 22:02:38",1
739,13083,1138,"2022-02-28 22:02:38","2022-02-28 22:02:38",1
740,13084,1139,"2022-02-28 22:02:38","2022-02-28 22:02:38",0
741,13085,1140,"2022-02-28 22:02:38","2022-02-28 22:02:38",1
742,13086,1141,"2022-02-28 22:02:38","2022-02-28 22:02:38",1
743,13087,1142,"2022-02-28 22:02:38","2022-02-28 22:02:38",1
744,13088,1143,"2022-02-28 22:02:38","2022-02-28 22:02:38",1
745,13089,1144,"2022-02-28 22:02:38","2022-02-28 22:02:38",0
746,13090,1145,"2022-02-28 22:02:38","2022-02-28 22:02:38",1
747,13091,1146,"2022-02-28 22:02:38","2022-02-28 22:02:38",1
748,13092,1147,"2022-02-28 22:02:38","2022-02-28 22:02:38",0
749,13093,1148,"2022-02-28 22:02:38","2022-02-28 22:02:38",1
750,13094,1149,"2022-02-28 22:02:38","2022-02-28 22:02:38",1
751,13095,1150,"2022-02-28 22:02:38","2022-02-28 22:02:38",0
752,13096,1151,"2022-02-28 22:02:38","2022-02-28 22:02:38",1
753,13097,1152,"2022-02-28 22:02:38","2022-02-28 22:02:38",1
754,13098,1153,"2022-02-28 22:02:38","2022-02-28 22:02:38",0
755,13099,1154,"2022-02-28 22:02:38","2022-02-28 22:02:38",0
756,13100,1155,"2022-02-28 22:02:38","2022-02-28 22:02:38",0
757,13101,1156,"2022-02-28 22:02:38","2022-02-28 22:02:38",1
758,13102,1157,"2022-02-28 22:02:38","2022-02-28 22:02:38",1
759,13103,1158,"2022-02-28 22:02:38","2022-02-28 22:02:38",1
760,13104,1159,"2022-02-28 22:02:38","2022-02-28 22:02:38",0
761,13105,1160,"2022-02-28 22:02:38","2022-02-28 22:02:38",1
762,13106,1161,"2022-02-28 22:02:38","2022-02-28 22:02:38",0
763,13107,1162,"2022-02-28 22:02:38","2022-02-28 22:02:38",1
764,13108,1163,"2022-02-28 22:02:38","2022-02-28 22:02:38",1
765,13109,1164,"2022-02-28 22:02:38","2022-02-28 22:02:38",0
766,13110,1165,"2022-02-28 22:02:38","2022-02-28 22:02:38",1
767,13111,1166,"2022-02-28 22:02:38","2022-02-28 22:02:38",1
768,13112,1167,"2022-02-28 22:02:38","2022-02-28 22:02:38",0
769,13113,1168,"2022-02-28 22:02:38","2022-02-28 22:02:38",0
770,13114,1169,"2022-02-28 22:02:38","2022-02-28 22:02:38",1
771,13115,1170,"2022-02-28 22:02:38","2022-02-28 22:02:38",1
772,13116,1171,"2022-02-28 22:02:38","2022-02-28 22:02:38",1
773,13117,1172,"2022-02-28 22:02:38","2022-02-28 22:02:38",0
774,13118,1173,"2022-02-28 22:02:38","2022-02-28 22:02:38",1
775,13119,1174,"2022-02-28 22:02:38","2022-02-28 22:02:38",1
776,13120,1175,"2022-02-28 22:02:38","2022-02-28 22:02:38",0
777,13121,1176,"2022-02-28 22:02:38","2022-02-28 22:02:38",0
778,13122,1177,"2022-02-28 22:02:38","2022-02-28 22:02:38",0
779,13123,1178,"2022-02-28 22:02:38","2022-02-28 22:02:38",1
780,13124,1179,"2022-02-28 22:02:38","2022-02-28 22:02:38",1
781,13125,1180,"2022-02-28 22:02:38","2022-02-28 22:02:38",0
782,13126,1181,"2022-02-28 22:02:38","2022-02-28 22:02:38",1
783,13127,1182,"2022-02-28 22:02:38","2022-02-28 22:02:38",1
784,13128,1183,"2022-02-28 22:02:38","2022-02-28 22:02:38",0
785,13129,1184,"2022-02-28 22:02:38","2022-02-28 22:02:38",1
786,13130,1185,"2022-02-28 22:02:38","2022-02-28 22:02:38",0
787,13131,1186,"2022-02-28 22:02:38","2022-02-28 22:02:38",1
788,13132,1187,"2022-02-28 22:02:38","2022-02-28 22:02:38",1
789,13133,1188,"2022-02-28 22:02:38","2022-02-28 22:02:38",1
790,13134,1189,"2022-02-28 22:02:38","2022-02-28 22:02:38",0
791,13135,1190,"2022-02-28 22:02:38","2022-02-28 22:02:38",0
792,13136,1191,"2022-02-28 22:02:38","2022-02-28 22:02:38",1
793,13137,1192,"2022-02-28 22:02:38","2022-02-28 22:02:38",1
794,13138,1193,"2022-02-28 22:02:38","2022-02-28 22:02:38",0
795,13139,1194,"2022-02-28 22:02:38","2022-02-28 22:02:38",0
796,13140,1195,"2022-02-28 22:02:38","2022-02-28 22:02:38",0
797,13141,1196,"2022-02-28 22:02:38","2022-02-28 22:02:38",1
798,13142,1197,"2022-02-28 22:02:38","2022-02-28 22:02:38",1
799,13143,1198,"2022-02-28 22:02:38","2022-02-28 22:02:38",0
800,13144,1199,"2022-02-28 22:02:38","2022-02-28 22:02:38",0
801,13145,1200,"2022-02-28 22:02:38","2022-02-28 22:02:38",0
802,13146,1201,"2022-02-28 22:02:38","2022-02-28 22:02:38",1
803,13147,1202,"2022-02-28 22:02:38","2022-02-28 22:02:38",0
804,13148,1203,"2022-02-28 22:02:38","2022-02-28 22:02:38",0
805,13149,1204,"2022-02-28 22:02:38","2022-02-28 22:02:38",0
806,13150,1205,"2022-02-28 22:02:38","2022-02-28 22:02:38",1
807,13151,1206,"2022-02-28 22:02:38","2022-02-28 22:02:38",0
808,13152,1207,"2022-02-28 22:02:38","2022-02-28 22:02:38",0
809,13153,1208,"2022-02-28 22:02:38","2022-02-28 22:02:38",1
810,13154,1209,"2022-02-28 22:02:38","2022-02-28 22:02:38",0
811,13155,1210,"2022-02-28 22:02:38","2022-02-28 22:02:38",1
812,13156,1211,"2022-02-28 22:02:38","2022-02-28 22:02:38",1
813,13157,1212,"2022-02-28 22:02:38","2022-02-28 22:02:38",1
814,13158,1213,"2022-02-28 22:02:38","2022-02-28 22:02:38",0
815,13159,1214,"2022-02-28 22:02:38","2022-02-28 22:02:38",1
816,13160,1215,"2022-02-28 22:02:38","2022-02-28 22:02:38",1
817,13161,1216,"2022-02-28 22:02:38","2022-02-28 22:02:38",1
818,13162,1217,"2022-02-28 22:02:38","2022-02-28 22:02:38",0
819,13163,1218,"2022-02-28 22:02:38","2022-02-28 22:02:38",0
820,13164,1219,"2022-02-28 22:02:38","2022-02-28 22:02:38",1
821,13165,1220,"2022-02-28 22:02:38","2022-02-28 22:02:38",0
822,13166,1221,"2022-02-28 22:02:38","2022-02-28 22:02:38",0
823,13167,1222,"2022-02-28 22:02:38","2022-02-28 22:02:38",1
824,13168,1223,"2022-02-28 22:02:38","2022-02-28 22:02:38",0
825,13169,1224,"2022-02-28 22:02:38","2022-02-28 22:02:38",1
826,13170,1225,"2022-02-28 22:02:38","2022-02-28 22:02:38",1
827,13171,1226,"2022-02-28 22:02:38","2022-02-28 22:02:38",0
828,13172,1227,"2022-02-28 22:02:38","2022-02-28 22:02:38",1
829,13173,1228,"2022-02-28 22:02:38","2022-02-28 22:02:38",0
830,13174,1229,"2022-02-28 22:02:38","2022-02-28 22:02:38",0
831,13175,1230,"2022-02-28 22:02:38","2022-02-28 22:02:38",0
832,13176,1231,"2022-02-28 22:02:38","2022-02-28 22:02:38",1
833,13177,1232,"2022-02-28 22:02:38","2022-02-28 22:02:38",0
834,13178,1233,"2022-02-28 22:02:38","2022-02-28 22:02:38",0
835,13179,1234,"2022-02-28 22:02:38","2022-02-28 22:02:38",1
836,13180,1235,"2022-02-28 22:02:38","2022-02-28 22:02:38",1
837,13181,1236,"2022-02-28 22:02:38","2022-02-28 22:02:38",1
838,13182,1237,"2022-02-28 22:02:38","2022-02-28 22:02:38",1
839,13183,1238,"2022-02-28 22:02:38","2022-02-28 22:02:38",1
840,13184,1239,"2022-02-28 22:02:38","2022-02-28 22:02:38",0
841,13185,1240,"2022-02-28 22:02:38","2022-02-28 22:02:38",0
842,13186,1241,"2022-02-28 22:02:38","2022-02-28 22:02:38",1
843,13187,1242,"2022-02-28 22:02:38","2022-02-28 22:02:38",1
844,13188,1243,"2022-02-28 22:02:38","2022-02-28 22:02:38",0
845,13189,1244,"2022-02-28 22:02:38","2022-02-28 22:02:38",0
846,13190,1245,"2022-02-28 22:02:38","2022-02-28 22:02:38",1
847,13191,1246,"2022-02-28 22:02:38","2022-02-28 22:02:38",1
848,13192,1247,"2022-02-28 22:02:38","2022-02-28 22:02:38",1
849,13193,1248,"2022-02-28 22:02:38","2022-02-28 22:02:38",1
850,13194,1249,"2022-02-28 22:02:38","2022-02-28 22:02:38",0
851,13195,1250,"2022-02-28 22:02:38","2022-02-28 22:02:38",1
852,13196,1251,"2022-02-28 22:02:38","2022-02-28 22:02:38",1
853,13197,1252,"2022-02-28 22:02:38","2022-02-28 22:02:38",1
854,13198,1253,"2022-02-28 22:02:38","2022-02-28 22:02:38",0
855,13199,1254,"2022-02-28 22:02:38","2022-02-28 22:02:38",0
856,13200,1255,"2022-02-28 22:02:38","2022-02-28 22:02:38",0
857,13201,1256,"2022-02-28 22:02:38","2022-02-28 22:02:38",1
858,13202,1257,"2022-02-28 22:02:38","2022-02-28 22:02:38",1
859,13203,1258,"2022-02-28 22:02:38","2022-02-28 22:02:38",0
860,13204,1259,"2022-02-28 22:02:38","2022-02-28 22:02:38",1
861,13205,1260,"2022-02-28 22:02:38","2022-02-28 22:02:38",1
862,13206,1261,"2022-02-28 22:02:38","2022-02-28 22:02:38",0
863,13207,1262,"2022-02-28 22:02:38","2022-02-28 22:02:38",1
864,13208,1263,"2022-02-28 22:02:38","2022-02-28 22:02:38",1
865,13209,1264,"2022-02-28 22:02:38","2022-02-28 22:02:38",1
866,13210,1265,"2022-02-28 22:02:38","2022-02-28 22:02:38",0
867,13211,1266,"2022-02-28 22:02:38","2022-02-28 22:02:38",1
868,13212,1267,"2022-02-28 22:02:38","2022-02-28 22:02:38",1
869,13213,1268,"2022-02-28 22:02:38","2022-02-28 22:02:38",1
870,13214,1269,"2022-02-28 22:02:38","2022-02-28 22:02:38",0
871,13215,1270,"2022-02-28 22:02:38","2022-02-28 22:02:38",0
872,13216,1271,"2022-02-28 22:02:38","2022-02-28 22:02:38",1
873,13217,1272,"2022-02-28 22:02:38","2022-02-28 22:02:38",0
874,13218,1273,"2022-02-28 22:02:38","2022-02-28 22:02:38",1
875,13219,1274,"2022-02-28 22:02:38","2022-02-28 22:02:38",0
876,13220,1275,"2022-02-28 22:02:38","2022-02-28 22:02:38",1
877,13221,1276,"2022-02-28 22:02:38","2022-02-28 22:02:38",1
878,13222,1277,"2022-02-28 22:02:38","2022-02-28 22:02:38",1
879,13223,1278,"2022-02-28 22:02:38","2022-02-28 22:02:38",1
880,13224,1279,"2022-02-28 22:02:38","2022-02-28 22:02:38",0
881,13225,1280,"2022-02-28 22:02:38","2022-02-28 22:02:38",1
882,13226,1281,"2022-02-28 22:02:38","2022-02-28 22:02:38",1
883,13227,1282,"2022-02-28 22:02:38","2022-02-28 22:02:38",0
884,13228,1283,"2022-02-28 22:02:38","2022-02-28 22:02:38",1
885,13229,1284,"2022-02-28 22:02:38","2022-02-28 22:02:38",0
886,13230,1285,"2022-02-28 22:02:38","2022-02-28 22:02:38",1
887,13231,1286,"2022-02-28 22:02:38","2022-02-28 22:02:38",0
888,13232,1287,"2022-02-28 22:02:38","2022-02-28 22:02:38",1
889,13233,1288,"2022-02-28 22:02:38","2022-02-28 22:02:38",0
890,13234,1289,"2022-02-28 22:02:38","2022-02-28 22:02:38",1
891,13235,1290,"2022-02-28 22:02:38","2022-02-28 22:02:38",1
892,13236,1291,"2022-02-28 22:02:38","2022-02-28 22:02:38",1
893,13237,1292,"2022-02-28 22:02:38","2022-02-28 22:02:38",1
894,13238,1293,"2022-02-28 22:02:38","2022-02-28 22:02:38",1
895,13239,1294,"2022-02-28 22:02:38","2022-02-28 22:02:38",0
896,13240,1295,"2022-02-28 22:02:38","2022-02-28 22:02:38",1
897,13241,1296,"2022-02-28 22:02:38","2022-02-28 22:02:38",1
898,13242,1297,"2022-02-28 22:02:38","2022-02-28 22:02:38",0
899,13243,1298,"2022-02-28 22:02:38","2022-02-28 22:02:38",0
900,13244,1299,"2022-02-28 22:02:38","2022-02-28 22:02:38",0
901,13245,1300,"2022-02-28 22:02:38","2022-02-28 22:02:38",1
902,13246,1301,"2022-02-28 22:02:38","2022-02-28 22:02:38",0
903,13247,1302,"2022-02-28 22:02:38","2022-02-28 22:02:38",0
904,13248,1303,"2022-02-28 22:02:38","2022-02-28 22:02:38",0
905,13249,1304,"2022-02-28 22:02:38","2022-02-28 22:02:38",0
906,13250,1305,"2022-02-28 22:02:38","2022-02-28 22:02:38",1
907,13251,1306,"2022-02-28 22:02:38","2022-02-28 22:02:38",1
908,13252,1307,"2022-02-28 22:02:38","2022-02-28 22:02:38",0
909,13253,1308,"2022-02-28 22:02:38","2022-02-28 22:02:38",1
910,13254,1309,"2022-02-28 22:02:38","2022-02-28 22:02:38",1
911,13255,1310,"2022-02-28 22:02:38","2022-02-28 22:02:38",1
912,13256,1311,"2022-02-28 22:02:38","2022-02-28 22:02:38",0
913,13257,1312,"2022-02-28 22:02:38","2022-02-28 22:02:38",1
914,13258,1313,"2022-02-28 22:02:38","2022-02-28 22:02:38",0
915,13259,1314,"2022-02-28 22:02:38","2022-02-28 22:02:38",1
916,13260,1315,"2022-02-28 22:02:38","2022-02-28 22:02:38",0
917,13261,1316,"2022-02-28 22:02:38","2022-02-28 22:02:38",1
918,13262,1317,"2022-02-28 22:02:38","2022-02-28 22:02:38",0
919,13263,1318,"2022-02-28 22:02:38","2022-02-28 22:02:38",1
920,13264,1319,"2022-02-28 22:02:38","2022-02-28 22:02:38",0
921,13265,1320,"2022-02-28 22:02:38","2022-02-28 22:02:38",0
922,13266,1321,"2022-02-28 22:02:38","2022-02-28 22:02:38",0
923,13267,1322,"2022-02-28 22:02:38","2022-02-28 22:02:38",0
924,13268,1323,"2022-02-28 22:02:38","2022-02-28 22:02:38",0
925,13269,1324,"2022-02-28 22:02:38","2022-02-28 22:02:38",1
926,13270,1325,"2022-02-28 22:02:38","2022-02-28 22:02:38",0
927,13271,1326,"2022-02-28 22:02:38","2022-02-28 22:02:38",0
928,13272,1327,"2022-02-28 22:02:38","2022-02-28 22:02:38",1
929,13273,1328,"2022-02-28 22:02:38","2022-02-28 22:02:38",1
930,13274,1329,"2022-02-28 22:02:38","2022-02-28 22:02:38",1
931,13275,1330,"2022-02-28 22:02:38","2022-02-28 22:02:38",0
932,13276,1331,"2022-02-28 22:02:38","2022-02-28 22:02:38",1
933,13277,1332,"2022-02-28 22:02:38","2022-02-28 22:02:38",0
934,13278,1333,"2022-02-28 22:02:38","2022-02-28 22:02:38",0
935,13279,1334,"2022-02-28 22:02:38","2022-02-28 22:02:38",1
936,13280,1335,"2022-02-28 22:02:38","2022-02-28 22:02:38",1
937,13281,1336,"2022-02-28 22:02:38","2022-02-28 22:02:38",1
938,13282,1337,"2022-02-28 22:02:38","2022-02-28 22:02:38",0
939,13283,1338,"2022-02-28 22:02:38","2022-02-28 22:02:38",0
940,13284,1339,"2022-02-28 22:02:38","2022-02-28 22:02:38",1
941,13285,1340,"2022-02-28 22:02:38","2022-02-28 22:02:38",1
942,13286,1341,"2022-02-28 22:02:38","2022-02-28 22:02:38",1
943,13287,1342,"2022-02-28 22:02:38","2022-02-28 22:02:38",0
944,13288,1343,"2022-02-28 22:02:38","2022-02-28 22:02:38",0
945,13289,1344,"2022-02-28 22:02:38","2022-02-28 22:02:38",1
946,13290,1345,"2022-02-28 22:02:38","2022-02-28 22:02:38",1
947,13291,1346,"2022-02-28 22:02:38","2022-02-28 22:02:38",0
948,13292,1347,"2022-02-28 22:02:38","2022-02-28 22:02:38",0
949,13293,1348,"2022-02-28 22:02:38","2022-02-28 22:02:38",0
950,13294,1349,"2022-02-28 22:02:38","2022-02-28 22:02:38",1
951,13295,1350,"2022-02-28 22:02:38","2022-02-28 22:02:38",1
952,13296,1351,"2022-02-28 22:02:38","2022-02-28 22:02:38",1
953,13297,1352,"2022-02-28 22:02:38","2022-02-28 22:02:38",0
954,13298,1353,"2022-02-28 22:02:38","2022-02-28 22:02:38",1
955,13299,1354,"2022-02-28 22:02:38","2022-02-28 22:02:38",0
956,13300,1355,"2022-02-28 22:02:38","2022-02-28 22:02:38",1
957,13301,1356,"2022-02-28 22:02:38","2022-02-28 22:02:38",1
958,13302,1357,"2022-02-28 22:02:38","2022-02-28 22:02:38",0
959,13303,1358,"2022-02-28 22:02:38","2022-02-28 22:02:38",1
960,13304,1359,"2022-02-28 22:02:38","2022-02-28 22:02:38",1
961,13305,1360,"2022-02-28 22:02:38","2022-02-28 22:02:38",0
962,13306,1361,"2022-02-28 22:02:38","2022-02-28 22:02:38",0
963,13307,1362,"2022-02-28 22:02:38","2022-02-28 22:02:38",0
964,13308,1363,"2022-02-28 22:02:38","2022-02-28 22:02:38",1
965,13309,1364,"2022-02-28 22:02:38","2022-02-28 22:02:38",0
966,13310,1365,"2022-02-28 22:02:38","2022-02-28 22:02:38",1
967,13311,1366,"2022-02-28 22:02:38","2022-02-28 22:02:38",1
968,13312,1367,"2022-02-28 22:02:38","2022-02-28 22:02:38",1
969,13313,1368,"2022-02-28 22:02:38","2022-02-28 22:02:38",0
970,13314,1369,"2022-02-28 22:02:38","2022-02-28 22:02:38",0
971,13315,1370,"2022-02-28 22:02:38","2022-02-28 22:02:38",1
972,13316,1371,"2022-02-28 22:02:38","2022-02-28 22:02:38",0
973,13317,1372,"2022-02-28 22:02:38","2022-02-28 22:02:38",1
974,13318,1373,"2022-02-28 22:02:38","2022-02-28 22:02:38",1
975,13319,1374,"2022-02-28 22:02:38","2022-02-28 22:02:38",0
976,13320,1375,"2022-02-28 22:02:38","2022-02-28 22:02:38",1
977,13321,1376,"2022-02-28 22:02:38","2022-02-28 22:02:38",1
978,13322,1377,"2022-02-28 22:02:38","2022-02-28 22:02:38",1
979,13323,1378,"2022-02-28 22:02:38","2022-02-28 22:02:38",0
980,13324,1379,"2022-02-28 22:02:38","2022-02-28 22:02:38",0
981,13325,1380,"2022-02-28 22:02:38","2022-02-28 22:02:38",1
982,13326,1381,"2022-02-28 22:02:38","2022-02-28 22:02:38",1
983,13327,1382,"2022-02-28 22:02:38","2022-02-28 22:02:38",1
984,13328,1383,"2022-02-28 22:02:38","2022-02-28 22:02:38",1
985,13329,1384,"2022-02-28 22:02:38","2022-02-28 22:02:38",1
986,13330,1385,"2022-02-28 22:02:38","2022-02-28 22:02:38",1
987,13331,1386,"2022-02-28 22:02:38","2022-02-28 22:02:38",0
988,13332,1387,"2022-02-28 22:02:38","2022-02-28 22:02:38",0
989,13333,1388,"2022-02-28 22:02:38","2022-02-28 22:02:38",0
990,13334,1389,"2022-02-28 22:02:38","2022-02-28 22:02:38",0
991,13335,1390,"2022-02-28 22:02:38","2022-02-28 22:02:38",0
992,13336,1391,"2022-02-28 22:02:38","2022-02-28 22:02:38",0
993,13337,1392,"2022-02-28 22:02:38","2022-02-28 22:02:38",0
994,13338,1393,"2022-02-28 22:02:38","2022-02-28 22:02:38",1
995,13339,1394,"2022-02-28 22:02:38","2022-02-28 22:02:38",0
996,13340,1395,"2022-02-28 22:02:38","2022-02-28 22:02:38",0
997,13341,1396,"2022-02-28 22:02:38","2022-02-28 22:02:38",1
998,13342,1397,"2022-02-28 22:02:38","2022-02-28 22:02:38",0
999,13343,1398,"2022-02-28 22:02:38","2022-02-28 22:02:38",1
1000,13344,1399,"2022-02-28 22:02:38","2022-02-28 22:02:38",0
