id,dop,premium,body_injury_libality,personal_injury_protection,property_damage_libality,collision,comprehensive,created_at,updated_at
420,"2018-01-24 00:00:00",584,1,1,1,1,0,"2022-02-28 22:02:38","2022-02-28 22:02:38"
840,"2018-01-04 00:00:00",2089,0,1,0,1,0,"2022-02-28 22:02:38","2022-02-28 22:02:38"
12345,"2018-01-16 00:00:00",958,0,0,0,1,1,"2022-02-28 22:02:38","2022-02-28 22:02:38"
12346,"2018-01-04 00:00:00",1272,1,0,0,0,1,"2022-02-28 22:02:38","2022-02-28 22:02:38"
12347,"2018-01-07 00:00:00",2150,0,1,1,1,0,"2022-02-28 22:02:38","2022-02-28 22:02:38"
12348,"2018-01-07 00:00:00",2123,1,0,1,1,1,"2022-02-28 22:02:38","2022-02-28 22:02:38"
12349,"2018-01-01 00:00:00",1110,1,1,1,1,1,"2022-02-28 22:02:38","2022-02-28 22:02:38"
12350,"2018-01-22 00:00:00",1571,1,0,1,0,0,"2022-02-28 22:02:38","2022-02-28 22:02:38"
12351,"2018-01-19 00:00:00",1030,1,1,1,1,0,"2022-02-28 22:02:38","2022-02-28 22:02:38"
12352,"2018-01-23 00:00:00",1732,1,1,1,0,0,"2022-02-28 22:02:38","2022-02-28 22:02:38"
12353,"2018-01-01 00:00:00",2175,0,0,1,0,1,"2022-02-28 22:02:38","2022-02-28 22:02:38"
12354,"2018-01-20 00:00:00",1725,0,0,0,1,0,"2022-02-28 22:02:38","2022-02-28 22:02:38"
12355,"2018-01-28 00:00:00",1805,0,1,0,1,0,"2022-02-28 22:02:38","2022-02-28 22:02:38"
12356,"2018-01-17 00:00:00",1552,1,1,0,0,1,"2022-02-28 22:02:38","2022-02-28 22:02:38"
12357,"2018-01-29 00:00:00",1888,0,1,1,1,1,"2022-02-28 22:02:38","2022-02-28 22:02:38"
12358,"2018-01-18 00:00:00",1355,1,0,0,1,0,"2022-02-28 22:02:38","2022-02-28 22:02:38"
12359,"2018-01-19 00:00:00",2356,0,0,0,0,1,"2022-02-28 22:02:38","2022-02-28 22:02:38"
12360,"2018-01-06 00:00:00",2102,1,0,0,1,0,"2022-02-28 22:02:38","2022-02-28 22:02:38"
12361,"2018-01-27 00:00:00",1258,1,1,1,1,1,"2022-02-28 22:02:38","2022-02-28 22:02:38"
12362,"2018-01-21 00:00:00",2326,0,1,0,1,1,"2022-02-28 22:02:38","2022-02-28 22:02:38"
12364,"2018-01-08 00:00:00",2397,1,1,1,0,0,"2022-02-28 22:02:38","2022-02-28 22:02:38"
12365,"2018-01-23 00:00:00",1493,1,0,0,0,0,"2022-02-28 22:02:38","2022-02-28 22:02:38"
12366,"2018-01-02 00:00:00",661,0,1,1,0,0,"2022-02-28 22:02:38","2022-02-28 22:02:38"
12367,"2018-01-03 00:00:00",685,1,1,0,1,0,"2022-02-28 22:02:38","2022-02-28 22:02:38"
12368,"2018-01-08 00:00:00",1006,1,1,1,1,1,"2022-02-28 22:02:38","2022-02-28 22:02:38"
12369,"2018-01-16 00:00:00",1160,1,0,0,1,1,"2022-02-28 22:02:38","2022-02-28 22:02:38"
12370,"2018-01-25 00:00:00",1602,0,0,0,1,1,"2022-02-28 22:02:38","2022-02-28 22:02:38"
12371,"2018-01-25 00:00:00",2355,0,1,1,1,1,"2022-02-28 22:02:38","2022-02-28 22:02:38"
12372,"2018-01-05 00:00:00",1921,1,1,1,0,1,"2022-02-28 22:02:38","2022-02-28 22:02:38"
12373,"2018-01-21 00:00:00",2200,0,1,0,1,1,"2022-02-28 22:02:38","2022-02-28 22:02:38"
12374,"2018-01-27 00:00:00",2357,0,1,1,1,1,"2022-02-28 22:02:38","2022-02-28 22:02:38"
12375,"2018-01-22 00:00:00",1047,0,1,0,1,0,"2022-02-28 22:02:38","2022-02-28 22:02:38"
12377,"2018-01-15 00:00:00",1780,0,0,0,1,1,"2022-02-28 22:02:38","2022-02-28 22:02:38"
12378,"2018-01-26 00:00:00",1035,1,0,1,0,0,"2022-02-28 22:02:38","2022-02-28 22:02:38"
12379,"2018-01-29 00:00:00",526,1,1,1,0,1,"2022-02-28 22:02:38","2022-02-28 22:02:38"
12380,"2018-01-20 00:00:00",1827,0,0,1,1,0,"2022-02-28 22:02:38","2022-02-28 22:02:38"
12381,"2018-01-24 00:00:00",2003,1,1,0,1,0,"2022-02-28 22:02:38","2022-02-28 22:02:38"
12382,"2018-01-08 00:00:00",1960,0,1,1,1,1,"2022-02-28 22:02:38","2022-02-28 22:02:38"
12383,"2018-01-03 00:00:00",1197,0,1,0,1,0,"2022-02-28 22:02:38","2022-02-28 22:02:38"
12384,"2018-01-21 00:00:00",614,0,1,0,0,1,"2022-02-28 22:02:38","2022-02-28 22:02:38"
12385,"2018-01-09 00:00:00",568,1,1,1,0,0,"2022-02-28 22:02:38","2022-02-28 22:02:38"
12386,"2018-01-12 00:00:00",2149,1,0,1,1,1,"2022-02-28 22:02:38","2022-02-28 22:02:38"
12387,"2018-01-27 00:00:00",1797,1,0,1,0,1,"2022-02-28 22:02:38","2022-02-28 22:02:38"
12388,"2018-01-14 00:00:00",1246,1,0,0,0,0,"2022-02-28 22:02:38","2022-02-28 22:02:38"
12389,"2018-01-24 00:00:00",1295,1,1,0,0,0,"2022-02-28 22:02:38","2022-02-28 22:02:38"
12390,"2018-01-21 00:00:00",642,0,0,1,0,1,"2022-02-28 22:02:38","2022-02-28 22:02:38"
12391,"2018-01-06 00:00:00",1979,1,1,1,1,1,"2022-02-28 22:02:38","2022-02-28 22:02:38"
12392,"2018-01-13 00:00:00",2327,0,0,1,1,1,"2022-02-28 22:02:38","2022-02-28 22:02:38"
12393,"2018-01-05 00:00:00",1025,1,0,0,0,1,"2022-02-28 22:02:38","2022-02-28 22:02:38"
12394,"2018-01-23 00:00:00",529,0,0,0,0,1,"2022-02-28 22:02:38","2022-02-28 22:02:38"
12395,"2018-01-16 00:00:00",2072,0,0,1,0,0,"2022-02-28 22:02:38","2022-02-28 22:02:38"
12396,"2018-01-18 00:00:00",2103,0,0,0,1,0,"2022-02-28 22:02:38","2022-02-28 22:02:38"
12397,"2018-01-15 00:00:00",1929,0,1,0,0,1,"2022-02-28 22:02:38","2022-02-28 22:02:38"
12398,"2018-01-13 00:00:00",2143,1,0,1,1,1,"2022-02-28 22:02:38","2022-02-28 22:02:38"
12399,"2018-01-11 00:00:00",2132,0,0,0,1,0,"2022-02-28 22:02:38","2022-02-28 22:02:38"
12400,"2018-01-13 00:00:00",1459,1,0,0,0,0,"2022-02-28 22:02:38","2022-02-28 22:02:38"
12401,"2018-01-17 00:00:00",1831,1,1,0,0,0,"2022-02-28 22:02:38","2022-02-28 22:02:38"
12402,"2018-01-30 00:00:00",1171,1,1,1,0,0,"2022-02-28 22:02:38","2022-02-28 22:02:38"
12403,"2018-01-10 00:00:00",1692,1,0,1,1,0,"2022-02-28 22:02:38","2022-02-28 22:02:38"
12404,"2018-01-11 00:00:00",1262,0,1,1,0,1,"2022-02-28 22:02:38","2022-02-28 22:02:38"
12405,"2018-01-23 00:00:00",2451,0,1,0,0,0,"2022-02-28 22:02:38","2022-02-28 22:02:38"
12406,"2018-01-03 00:00:00",1906,0,0,1,1,1,"2022-02-28 22:02:38","2022-02-28 22:02:38"
12407,"2018-01-24 00:00:00",2095,1,0,1,1,0,"2022-02-28 22:02:38","2022-02-28 22:02:38"
12408,"2018-01-20 00:00:00",1597,1,0,0,1,0,"2022-02-28 22:02:38","2022-02-28 22:02:38"
12409,"2018-01-15 00:00:00",2362,1,1,0,1,0,"2022-02-28 22:02:38","2022-02-28 22:02:38"
12410,"2018-01-17 00:00:00",1612,1,1,0,1,0,"2022-02-28 22:02:38","2022-02-28 22:02:38"
12411,"2018-01-19 00:00:00",711,0,0,0,1,1,"2022-02-28 22:02:38","2022-02-28 22:02:38"
12412,"2018-01-29 00:00:00",1771,1,0,1,0,1,"2022-02-28 22:02:38","2022-02-28 22:02:38"
12413,"2018-01-20 00:00:00",1301,0,1,0,0,1,"2022-02-28 22:02:38","2022-02-28 22:02:38"
12414,"2018-01-16 00:00:00",2411,1,1,0,0,1,"2022-02-28 22:02:38","2022-02-28 22:02:38"
12415,"2018-01-10 00:00:00",1065,0,1,0,0,1,"2022-02-28 22:02:38","2022-02-28 22:02:38"
12416,"2018-01-13 00:00:00",2393,1,1,1,1,0,"2022-02-28 22:02:38","2022-02-28 22:02:38"
12417,"2018-01-05 00:00:00",1837,1,1,1,0,0,"2022-02-28 22:02:38","2022-02-28 22:02:38"
12418,"2018-01-01 00:00:00",1598,0,0,1,0,0,"2022-02-28 22:02:38","2022-02-28 22:02:38"
12419,"2018-01-30 00:00:00",1072,1,0,1,0,1,"2022-02-28 22:02:38","2022-02-28 22:02:38"
12420,"2018-01-25 00:00:00",591,0,0,1,0,0,"2022-02-28 22:02:38","2022-02-28 22:02:38"
12421,"2018-01-18 00:00:00",1617,1,1,1,0,1,"2022-02-28 22:02:38","2022-02-28 22:02:38"
12422,"2018-01-04 00:00:00",1174,1,0,1,1,0,"2022-02-28 22:02:38","2022-02-28 22:02:38"
12423,"2018-01-28 00:00:00",2241,1,1,1,0,1,"2022-02-28 22:02:38","2022-02-28 22:02:38"
12424,"2018-01-31 00:00:00",2248,1,1,0,1,1,"2022-02-28 22:02:38","2022-02-28 22:02:38"
12425,"2018-01-27 00:00:00",2121,1,1,0,0,1,"2022-02-28 22:02:38","2022-02-28 22:02:38"
12426,"2018-01-25 00:00:00",1994,0,0,0,0,1,"2022-02-28 22:02:38","2022-02-28 22:02:38"
12427,"2018-01-01 00:00:00",2442,1,1,0,0,0,"2022-02-28 22:02:38","2022-02-28 22:02:38"
12428,"2018-01-23 00:00:00",1763,0,1,1,0,0,"2022-02-28 22:02:38","2022-02-28 22:02:38"
12429,"2018-01-28 00:00:00",1494,0,0,0,1,1,"2022-02-28 22:02:38","2022-02-28 22:02:38"
12430,"2018-01-03 00:00:00",2039,1,0,1,1,0,"2022-02-28 22:02:38","2022-02-28 22:02:38"
12431,"2018-01-27 00:00:00",898,1,0,0,0,0,"2022-02-28 22:02:38","2022-02-28 22:02:38"
12432,"2018-01-12 00:00:00",823,0,0,1,1,0,"2022-02-28 22:02:38","2022-02-28 22:02:38"
12433,"2018-01-11 00:00:00",1144,0,1,0,0,0,"2022-02-28 22:02:38","2022-02-28 22:02:38"
12434,"2018-01-23 00:00:00",1051,0,0,1,0,0,"2022-02-28 22:02:38","2022-02-28 22:02:38"
12435,"2018-01-10 00:00:00",1212,0,0,1,0,0,"2022-02-28 22:02:38","2022-02-28 22:02:38"
12436,"2018-01-13 00:00:00",1829,0,1,1,0,0,"2022-02-28 22:02:38","2022-02-28 22:02:38"
12437,"2018-01-15 00:00:00",1548,0,0,0,1,0,"2022-02-28 22:02:38","2022-02-28 22:02:38"
12438,"2018-01-06 00:00:00",1663,1,1,0,1,1,"2022-02-28 22:02:38","2022-02-28 22:02:38"
12439,"2018-01-23 00:00:00",1313,0,0,0,1,1,"2022-02-28 22:02:38","2022-02-28 22:02:38"
12440,"2018-01-04 00:00:00",1915,1,1,1,0,0,"2022-02-28 22:02:38","2022-02-28 22:02:38"
12441,"2018-01-08 00:00:00",1888,0,0,0,1,1,"2022-02-28 22:02:38","2022-02-28 22:02:38"
12442,"2018-01-19 00:00:00",694,1,1,1,0,0,"2022-02-28 22:02:38","2022-02-28 22:02:38"
12443,"2018-01-05 00:00:00",637,0,0,1,1,0,"2022-02-28 22:02:38","2022-02-28 22:02:38"
12444,"2018-02-10 00:00:00",1959,1,1,0,0,1,"2022-02-28 22:02:38","2022-02-28 22:02:38"
12445,"2018-02-08 00:00:00",1673,0,1,1,1,1,"2022-02-28 22:02:38","2022-02-28 22:02:38"
12446,"2018-02-01 00:00:00",934,1,0,1,0,1,"2022-02-28 22:02:38","2022-02-28 22:02:38"
12447,"2018-02-23 00:00:00",2391,1,0,0,1,0,"2022-02-28 22:02:38","2022-02-28 22:02:38"
12448,"2018-02-20 00:00:00",2246,1,0,0,1,0,"2022-02-28 22:02:38","2022-02-28 22:02:38"
12449,"2018-02-03 00:00:00",1328,0,1,1,0,0,"2022-02-28 22:02:38","2022-02-28 22:02:38"
12450,"2018-02-13 00:00:00",2455,1,1,1,1,1,"2022-02-28 22:02:38","2022-02-28 22:02:38"
12451,"2018-02-25 00:00:00",1611,0,1,0,1,0,"2022-02-28 22:02:38","2022-02-28 22:02:38"
12452,"2018-02-03 00:00:00",2256,1,0,0,1,0,"2022-02-28 22:02:38","2022-02-28 22:02:38"
12453,"2018-02-26 00:00:00",1284,0,0,0,0,0,"2022-02-28 22:02:38","2022-02-28 22:02:38"
12454,"2018-02-05 00:00:00",2067,1,1,0,1,0,"2022-02-28 22:02:38","2022-02-28 22:02:38"
12455,"2018-02-11 00:00:00",1477,1,0,0,1,0,"2022-02-28 22:02:38","2022-02-28 22:02:38"
12456,"2018-02-18 00:00:00",865,0,0,0,0,1,"2022-02-28 22:02:38","2022-02-28 22:02:38"
12457,"2018-02-01 00:00:00",1662,0,0,0,1,1,"2022-02-28 22:02:38","2022-02-28 22:02:38"
12458,"2018-02-03 00:00:00",1870,0,0,0,0,0,"2022-02-28 22:02:38","2022-02-28 22:02:38"
12459,"2018-02-05 00:00:00",626,1,1,1,1,0,"2022-02-28 22:02:38","2022-02-28 22:02:38"
12460,"2018-02-11 00:00:00",1658,1,0,1,1,0,"2022-02-28 22:02:38","2022-02-28 22:02:38"
12461,"2018-02-16 00:00:00",1168,0,1,0,1,1,"2022-02-28 22:02:38","2022-02-28 22:02:38"
12462,"2018-02-02 00:00:00",1083,0,0,1,1,0,"2022-02-28 22:02:38","2022-02-28 22:02:38"
12463,"2018-02-06 00:00:00",2253,0,1,0,1,0,"2022-02-28 22:02:38","2022-02-28 22:02:38"
12464,"2018-02-05 00:00:00",708,1,1,1,0,1,"2022-02-28 22:02:38","2022-02-28 22:02:38"
12465,"2018-02-14 00:00:00",2254,1,1,0,1,0,"2022-02-28 22:02:38","2022-02-28 22:02:38"
12466,"2018-02-15 00:00:00",1092,0,1,0,0,1,"2022-02-28 22:02:38","2022-02-28 22:02:38"
12467,"2018-02-26 00:00:00",778,1,0,0,0,1,"2022-02-28 22:02:38","2022-02-28 22:02:38"
12468,"2018-02-15 00:00:00",1041,0,0,1,1,1,"2022-02-28 22:02:38","2022-02-28 22:02:38"
12469,"2018-02-03 00:00:00",2310,0,0,1,1,0,"2022-02-28 22:02:38","2022-02-28 22:02:38"
12470,"2018-02-25 00:00:00",2339,1,1,1,1,0,"2022-02-28 22:02:38","2022-02-28 22:02:38"
12471,"2018-02-12 00:00:00",2218,0,0,1,0,1,"2022-02-28 22:02:38","2022-02-28 22:02:38"
12472,"2018-02-11 00:00:00",1628,1,1,0,0,1,"2022-02-28 22:02:38","2022-02-28 22:02:38"
12473,"2018-02-16 00:00:00",850,1,0,1,1,0,"2022-02-28 22:02:38","2022-02-28 22:02:38"
12474,"2018-02-14 00:00:00",618,0,1,0,1,1,"2022-02-28 22:02:38","2022-02-28 22:02:38"
12475,"2018-02-22 00:00:00",2128,0,0,0,1,0,"2022-02-28 22:02:38","2022-02-28 22:02:38"
12476,"2018-02-16 00:00:00",1213,1,0,0,1,1,"2022-02-28 22:02:38","2022-02-28 22:02:38"
12477,"2018-02-04 00:00:00",749,1,0,1,0,1,"2022-02-28 22:02:38","2022-02-28 22:02:38"
12478,"2018-02-14 00:00:00",2420,0,0,1,0,1,"2022-02-28 22:02:38","2022-02-28 22:02:38"
12479,"2018-02-08 00:00:00",1231,0,1,0,1,0,"2022-02-28 22:02:38","2022-02-28 22:02:38"
12480,"2018-02-27 00:00:00",510,0,1,0,0,1,"2022-02-28 22:02:38","2022-02-28 22:02:38"
12481,"2018-02-14 00:00:00",2376,0,1,1,0,1,"2022-02-28 22:02:38","2022-02-28 22:02:38"
12482,"2018-02-27 00:00:00",1746,1,1,0,1,0,"2022-02-28 22:02:38","2022-02-28 22:02:38"
12483,"2018-02-21 00:00:00",1533,0,0,0,0,1,"2022-02-28 22:02:38","2022-02-28 22:02:38"
12484,"2018-02-19 00:00:00",901,1,1,1,0,0,"2022-02-28 22:02:38","2022-02-28 22:02:38"
12485,"2018-02-04 00:00:00",2021,0,0,1,1,0,"2022-02-28 22:02:38","2022-02-28 22:02:38"
12486,"2018-02-22 00:00:00",1570,0,0,0,0,1,"2022-02-28 22:02:38","2022-02-28 22:02:38"
12487,"2018-02-19 00:00:00",2338,0,0,1,1,0,"2022-02-28 22:02:38","2022-02-28 22:02:38"
12488,"2018-02-10 00:00:00",1065,0,0,1,0,1,"2022-02-28 22:02:38","2022-02-28 22:02:38"
12489,"2018-02-14 00:00:00",2227,0,1,0,0,0,"2022-02-28 22:02:38","2022-02-28 22:02:38"
12490,"2018-02-16 00:00:00",1721,1,0,0,0,0,"2022-02-28 22:02:38","2022-02-28 22:02:38"
12491,"2018-02-05 00:00:00",1914,0,0,1,1,0,"2022-02-28 22:02:38","2022-02-28 22:02:38"
12492,"2018-02-10 00:00:00",1149,0,0,0,0,0,"2022-02-28 22:02:38","2022-02-28 22:02:38"
12493,"2018-02-20 00:00:00",2033,0,0,1,1,1,"2022-02-28 22:02:38","2022-02-28 22:02:38"
12494,"2018-02-22 00:00:00",2025,0,0,0,1,0,"2022-02-28 22:02:38","2022-02-28 22:02:38"
12495,"2018-02-12 00:00:00",743,1,0,1,0,0,"2022-02-28 22:02:38","2022-02-28 22:02:38"
12496,"2018-02-18 00:00:00",1044,1,0,1,0,1,"2022-02-28 22:02:38","2022-02-28 22:02:38"
12497,"2018-02-25 00:00:00",1404,1,0,1,0,0,"2022-02-28 22:02:38","2022-02-28 22:02:38"
12498,"2018-02-22 00:00:00",1569,1,1,1,0,0,"2022-02-28 22:02:38","2022-02-28 22:02:38"
12499,"2018-02-01 00:00:00",1477,1,0,1,0,1,"2022-02-28 22:02:38","2022-02-28 22:02:38"
12500,"2018-02-17 00:00:00",1464,1,1,0,1,1,"2022-02-28 22:02:38","2022-02-28 22:02:38"
12501,"2018-02-20 00:00:00",2487,1,1,0,0,1,"2022-02-28 22:02:38","2022-02-28 22:02:38"
12502,"2018-02-15 00:00:00",2205,0,1,1,1,0,"2022-02-28 22:02:38","2022-02-28 22:02:38"
12503,"2018-02-06 00:00:00",2148,0,0,1,0,1,"2022-02-28 22:02:38","2022-02-28 22:02:38"
12504,"2018-02-25 00:00:00",2006,1,1,0,1,0,"2022-02-28 22:02:38","2022-02-28 22:02:38"
12505,"2018-02-27 00:00:00",2168,1,1,0,0,1,"2022-02-28 22:02:38","2022-02-28 22:02:38"
12506,"2018-02-02 00:00:00",1574,0,1,1,0,0,"2022-02-28 22:02:38","2022-02-28 22:02:38"
12507,"2018-02-02 00:00:00",1764,1,0,0,1,1,"2022-02-28 22:02:38","2022-02-28 22:02:38"
12508,"2018-02-06 00:00:00",2484,1,1,1,1,0,"2022-02-28 22:02:38","2022-02-28 22:02:38"
12509,"2018-02-06 00:00:00",640,1,0,1,1,0,"2022-02-28 22:02:38","2022-02-28 22:02:38"
12510,"2018-02-12 00:00:00",663,0,0,1,1,0,"2022-02-28 22:02:38","2022-02-28 22:02:38"
12511,"2018-02-22 00:00:00",1504,0,0,0,0,0,"2022-02-28 22:02:38","2022-02-28 22:02:38"
12512,"2018-02-17 00:00:00",1908,0,1,0,1,1,"2022-02-28 22:02:38","2022-02-28 22:02:38"
12513,"2018-02-08 00:00:00",519,0,0,0,0,1,"2022-02-28 22:02:38","2022-02-28 22:02:38"
12514,"2018-02-05 00:00:00",1475,1,1,1,1,0,"2022-02-28 22:02:38","2022-02-28 22:02:38"
12515,"2018-02-27 00:00:00",1663,1,0,1,1,0,"2022-02-28 22:02:38","2022-02-28 22:02:38"
12516,"2018-02-14 00:00:00",1179,0,1,0,0,0,"2022-02-28 22:02:38","2022-02-28 22:02:38"
12517,"2018-02-17 00:00:00",898,0,1,1,0,1,"2022-02-28 22:02:38","2022-02-28 22:02:38"
12518,"2018-02-08 00:00:00",641,1,0,1,1,0,"2022-02-28 22:02:38","2022-02-28 22:02:38"
12519,"2018-02-24 00:00:00",1002,0,0,1,0,0,"2022-02-28 22:02:38","2022-02-28 22:02:38"
12520,"2018-02-25 00:00:00",2253,1,0,1,1,1,"2022-02-28 22:02:38","2022-02-28 22:02:38"
12521,"2018-02-10 00:00:00",1100,1,0,0,1,1,"2022-02-28 22:02:38","2022-02-28 22:02:38"
12522,"2018-02-19 00:00:00",2316,0,1,1,1,1,"2022-02-28 22:02:38","2022-02-28 22:02:38"
12523,"2018-02-14 00:00:00",2387,1,0,1,1,1,"2022-02-28 22:02:38","2022-02-28 22:02:38"
12524,"2018-02-21 00:00:00",2193,0,1,0,1,0,"2022-02-28 22:02:38","2022-02-28 22:02:38"
12525,"2018-02-22 00:00:00",2484,1,0,0,0,1,"2022-02-28 22:02:38","2022-02-28 22:02:38"
12526,"2018-02-24 00:00:00",1835,0,0,1,1,1,"2022-02-28 22:02:38","2022-02-28 22:02:38"
12527,"2018-02-13 00:00:00",2310,0,0,1,1,0,"2022-02-28 22:02:38","2022-02-28 22:02:38"
12528,"2018-02-06 00:00:00",545,1,1,0,0,0,"2022-02-28 22:02:38","2022-02-28 22:02:38"
12529,"2018-02-21 00:00:00",1924,1,0,0,1,1,"2022-02-28 22:02:38","2022-02-28 22:02:38"
12530,"2018-02-12 00:00:00",615,1,1,1,0,0,"2022-02-28 22:02:38","2022-02-28 22:02:38"
12531,"2018-02-02 00:00:00",727,1,1,1,0,1,"2022-02-28 22:02:38","2022-02-28 22:02:38"
12532,"2018-02-10 00:00:00",685,0,1,0,1,1,"2022-02-28 22:02:38","2022-02-28 22:02:38"
12533,"2018-02-02 00:00:00",2390,0,0,1,1,1,"2022-02-28 22:02:38","2022-02-28 22:02:38"
12534,"2018-02-24 00:00:00",709,1,0,1,0,1,"2022-02-28 22:02:38","2022-02-28 22:02:38"
12535,"2018-02-27 00:00:00",910,0,1,1,0,0,"2022-02-28 22:02:38","2022-02-28 22:02:38"
12536,"2018-02-19 00:00:00",1030,0,1,1,0,0,"2022-02-28 22:02:38","2022-02-28 22:02:38"
12537,"2018-02-16 00:00:00",1538,1,0,1,1,1,"2022-02-28 22:02:38","2022-02-28 22:02:38"
12538,"2018-02-17 00:00:00",600,0,1,1,0,0,"2022-02-28 22:02:38","2022-02-28 22:02:38"
12539,"2018-02-21 00:00:00",540,1,1,0,0,1,"2022-02-28 22:02:38","2022-02-28 22:02:38"
12540,"2018-02-16 00:00:00",997,1,1,1,0,0,"2022-02-28 22:02:38","2022-02-28 22:02:38"
12541,"2018-02-11 00:00:00",2086,0,0,0,1,1,"2022-02-28 22:02:38","2022-02-28 22:02:38"
12542,"2018-02-15 00:00:00",2491,1,0,0,1,0,"2022-02-28 22:02:38","2022-02-28 22:02:38"
12543,"2018-02-22 00:00:00",651,1,1,1,0,1,"2022-02-28 22:02:38","2022-02-28 22:02:38"
12544,"2018-02-23 00:00:00",1359,1,1,1,1,0,"2022-02-28 22:02:38","2022-02-28 22:02:38"
12545,"2018-03-22 00:00:00",1109,1,0,1,0,1,"2022-02-28 22:02:38","2022-02-28 22:02:38"
12546,"2018-03-23 00:00:00",2347,1,1,1,1,0,"2022-02-28 22:02:38","2022-02-28 22:02:38"
12547,"2018-03-18 00:00:00",966,0,0,1,1,1,"2022-02-28 22:02:38","2022-02-28 22:02:38"
12548,"2018-03-07 00:00:00",935,0,1,0,1,0,"2022-02-28 22:02:38","2022-02-28 22:02:38"
12549,"2018-03-27 00:00:00",2191,0,1,0,0,0,"2022-02-28 22:02:38","2022-02-28 22:02:38"
12550,"2018-03-18 00:00:00",1245,0,1,0,1,0,"2022-02-28 22:02:38","2022-02-28 22:02:38"
12551,"2018-03-05 00:00:00",2448,0,0,1,1,0,"2022-02-28 22:02:38","2022-02-28 22:02:38"
12552,"2018-03-29 00:00:00",525,0,1,1,0,1,"2022-02-28 22:02:38","2022-02-28 22:02:38"
12553,"2018-03-02 00:00:00",1214,1,0,0,1,1,"2022-02-28 22:02:38","2022-02-28 22:02:38"
12554,"2018-03-10 00:00:00",836,1,1,0,1,0,"2022-02-28 22:02:38","2022-02-28 22:02:38"
12555,"2018-03-03 00:00:00",525,1,1,0,0,0,"2022-02-28 22:02:38","2022-02-28 22:02:38"
12556,"2018-03-27 00:00:00",1640,0,1,0,0,0,"2022-02-28 22:02:38","2022-02-28 22:02:38"
12557,"2018-03-02 00:00:00",554,1,0,0,0,0,"2022-02-28 22:02:38","2022-02-28 22:02:38"
12558,"2018-03-20 00:00:00",599,0,1,1,1,0,"2022-02-28 22:02:38","2022-02-28 22:02:38"
12559,"2018-03-30 00:00:00",1269,1,1,1,1,0,"2022-02-28 22:02:38","2022-02-28 22:02:38"
12560,"2018-03-24 00:00:00",838,1,0,0,1,1,"2022-02-28 22:02:38","2022-02-28 22:02:38"
12561,"2018-03-18 00:00:00",745,1,0,1,0,1,"2022-02-28 22:02:38","2022-02-28 22:02:38"
12562,"2018-03-28 00:00:00",1349,1,0,1,1,0,"2022-02-28 22:02:38","2022-02-28 22:02:38"
12563,"2018-03-22 00:00:00",646,1,0,0,1,0,"2022-02-28 22:02:38","2022-02-28 22:02:38"
12564,"2018-03-01 00:00:00",1322,1,1,1,1,0,"2022-02-28 22:02:38","2022-02-28 22:02:38"
12565,"2018-03-30 00:00:00",1050,0,0,1,0,0,"2022-02-28 22:02:38","2022-02-28 22:02:38"
12566,"2018-03-23 00:00:00",2114,0,1,0,0,0,"2022-02-28 22:02:38","2022-02-28 22:02:38"
12567,"2018-03-23 00:00:00",1674,0,0,1,1,1,"2022-02-28 22:02:38","2022-02-28 22:02:38"
12568,"2018-03-30 00:00:00",690,1,1,1,1,0,"2022-02-28 22:02:38","2022-02-28 22:02:38"
12569,"2018-03-23 00:00:00",1679,1,0,1,0,0,"2022-02-28 22:02:38","2022-02-28 22:02:38"
12570,"2018-03-10 00:00:00",1634,1,0,1,1,1,"2022-02-28 22:02:38","2022-02-28 22:02:38"
12571,"2018-03-18 00:00:00",1241,1,1,1,0,1,"2022-02-28 22:02:38","2022-02-28 22:02:38"
12572,"2018-03-11 00:00:00",774,1,1,1,0,0,"2022-02-28 22:02:38","2022-02-28 22:02:38"
12573,"2018-03-15 00:00:00",1049,1,0,1,1,0,"2022-02-28 22:02:38","2022-02-28 22:02:38"
12574,"2018-03-05 00:00:00",697,0,0,0,1,1,"2022-02-28 22:02:38","2022-02-28 22:02:38"
12575,"2018-03-10 00:00:00",653,0,1,0,0,0,"2022-02-28 22:02:38","2022-02-28 22:02:38"
12576,"2018-03-10 00:00:00",1908,1,0,0,1,0,"2022-02-28 22:02:38","2022-02-28 22:02:38"
12577,"2018-03-14 00:00:00",2445,0,0,1,0,1,"2022-02-28 22:02:38","2022-02-28 22:02:38"
12578,"2018-03-21 00:00:00",613,1,0,1,0,1,"2022-02-28 22:02:38","2022-02-28 22:02:38"
12579,"2018-03-21 00:00:00",1560,1,0,1,1,1,"2022-02-28 22:02:38","2022-02-28 22:02:38"
12580,"2018-03-22 00:00:00",1651,0,1,0,0,1,"2022-02-28 22:02:38","2022-02-28 22:02:38"
12581,"2018-03-03 00:00:00",2490,1,1,1,0,1,"2022-02-28 22:02:38","2022-02-28 22:02:38"
12582,"2018-03-10 00:00:00",1669,0,0,1,0,0,"2022-02-28 22:02:38","2022-02-28 22:02:38"
12583,"2018-03-09 00:00:00",1774,1,0,1,0,0,"2022-02-28 22:02:38","2022-02-28 22:02:38"
12584,"2018-03-28 00:00:00",1556,1,0,1,1,0,"2022-02-28 22:02:38","2022-02-28 22:02:38"
12585,"2018-03-08 00:00:00",890,1,1,1,0,0,"2022-02-28 22:02:38","2022-02-28 22:02:38"
12586,"2018-03-09 00:00:00",1169,0,0,0,1,1,"2022-02-28 22:02:38","2022-02-28 22:02:38"
12587,"2018-03-20 00:00:00",1479,0,0,1,1,1,"2022-02-28 22:02:38","2022-02-28 22:02:38"
12588,"2018-03-25 00:00:00",1103,0,0,0,0,1,"2022-02-28 22:02:38","2022-02-28 22:02:38"
12589,"2018-03-25 00:00:00",1747,1,1,1,1,0,"2022-02-28 22:02:38","2022-02-28 22:02:38"
12590,"2018-03-22 00:00:00",2047,1,1,1,0,0,"2022-02-28 22:02:38","2022-02-28 22:02:38"
12591,"2018-03-08 00:00:00",878,1,1,1,1,0,"2022-02-28 22:02:38","2022-02-28 22:02:38"
12592,"2018-03-25 00:00:00",2073,1,1,0,1,0,"2022-02-28 22:02:38","2022-02-28 22:02:38"
12593,"2018-03-04 00:00:00",519,0,1,1,0,0,"2022-02-28 22:02:38","2022-02-28 22:02:38"
12594,"2018-03-21 00:00:00",1215,1,1,0,0,0,"2022-02-28 22:02:38","2022-02-28 22:02:38"
12595,"2018-03-25 00:00:00",1821,0,1,1,0,0,"2022-02-28 22:02:38","2022-02-28 22:02:38"
12596,"2018-12-26 00:00:00",598,1,0,1,1,0,"2022-02-28 22:02:38","2022-02-28 22:02:38"
12597,"2018-12-10 00:00:00",1768,0,0,0,1,0,"2022-02-28 22:02:38","2022-02-28 22:02:38"
12598,"2018-12-10 00:00:00",1821,1,0,0,1,0,"2022-02-28 22:02:38","2022-02-28 22:02:38"
12599,"2018-12-27 00:00:00",2093,0,0,1,0,0,"2022-02-28 22:02:38","2022-02-28 22:02:38"
12600,"2018-12-01 00:00:00",727,0,1,1,0,1,"2022-02-28 22:02:38","2022-02-28 22:02:38"
12601,"2018-12-23 00:00:00",2038,1,1,0,0,0,"2022-02-28 22:02:38","2022-02-28 22:02:38"
12602,"2018-12-26 00:00:00",1830,1,1,0,1,0,"2022-02-28 22:02:38","2022-02-28 22:02:38"
12603,"2018-12-25 00:00:00",1607,0,1,0,1,0,"2022-02-28 22:02:38","2022-02-28 22:02:38"
12604,"2018-12-06 00:00:00",1591,1,0,0,1,1,"2022-02-28 22:02:38","2022-02-28 22:02:38"
12605,"2018-12-20 00:00:00",856,1,1,0,0,1,"2022-02-28 22:02:38","2022-02-28 22:02:38"
12606,"2018-12-25 00:00:00",2135,1,0,0,1,1,"2022-02-28 22:02:38","2022-02-28 22:02:38"
12607,"2018-12-30 00:00:00",854,1,1,0,0,0,"2022-02-28 22:02:38","2022-02-28 22:02:38"
12608,"2018-12-07 00:00:00",2202,1,0,1,0,1,"2022-02-28 22:02:38","2022-02-28 22:02:38"
12609,"2018-12-01 00:00:00",1282,0,0,1,1,1,"2022-02-28 22:02:38","2022-02-28 22:02:38"
12610,"2018-12-01 00:00:00",1975,1,1,0,1,0,"2022-02-28 22:02:38","2022-02-28 22:02:38"
12611,"2018-12-12 00:00:00",1390,1,0,1,0,1,"2022-02-28 22:02:38","2022-02-28 22:02:38"
12612,"2018-12-19 00:00:00",642,0,1,1,0,0,"2022-02-28 22:02:38","2022-02-28 22:02:38"
12613,"2018-12-09 00:00:00",1453,1,0,0,0,1,"2022-02-28 22:02:38","2022-02-28 22:02:38"
12614,"2018-12-11 00:00:00",2031,0,0,0,1,1,"2022-02-28 22:02:38","2022-02-28 22:02:38"
12615,"2018-12-06 00:00:00",2212,1,0,0,1,0,"2022-02-28 22:02:38","2022-02-28 22:02:38"
12616,"2018-12-03 00:00:00",902,0,0,1,1,1,"2022-02-28 22:02:38","2022-02-28 22:02:38"
12617,"2018-12-28 00:00:00",2365,0,1,1,0,1,"2022-02-28 22:02:38","2022-02-28 22:02:38"
12618,"2018-12-25 00:00:00",733,1,1,1,0,0,"2022-02-28 22:02:38","2022-02-28 22:02:38"
12619,"2018-12-09 00:00:00",2266,1,1,0,0,1,"2022-02-28 22:02:38","2022-02-28 22:02:38"
12620,"2018-03-17 00:00:00",2373,1,1,0,1,0,"2022-02-28 22:02:38","2022-02-28 22:02:38"
12621,"2018-03-03 00:00:00",776,1,0,0,0,0,"2022-02-28 22:02:38","2022-02-28 22:02:38"
12622,"2018-03-28 00:00:00",1729,1,1,0,0,0,"2022-02-28 22:02:38","2022-02-28 22:02:38"
12623,"2018-03-30 00:00:00",2437,0,1,1,1,1,"2022-02-28 22:02:38","2022-02-28 22:02:38"
12624,"2018-03-26 00:00:00",1173,0,0,0,0,1,"2022-02-28 22:02:38","2022-02-28 22:02:38"
12625,"2018-03-01 00:00:00",751,0,1,1,1,1,"2022-02-28 22:02:38","2022-02-28 22:02:38"
12626,"2018-03-21 00:00:00",2499,1,1,0,0,0,"2022-02-28 22:02:38","2022-02-28 22:02:38"
12627,"2018-03-23 00:00:00",2292,1,0,0,0,0,"2022-02-28 22:02:38","2022-02-28 22:02:38"
12628,"2018-03-08 00:00:00",1359,0,0,1,0,1,"2022-02-28 22:02:38","2022-02-28 22:02:38"
12629,"2018-03-08 00:00:00",613,0,0,1,0,0,"2022-02-28 22:02:38","2022-02-28 22:02:38"
12630,"2018-03-26 00:00:00",694,1,1,1,1,0,"2022-02-28 22:02:38","2022-02-28 22:02:38"
12631,"2018-03-21 00:00:00",585,1,0,1,0,0,"2022-02-28 22:02:38","2022-02-28 22:02:38"
12632,"2018-03-01 00:00:00",1965,0,1,0,0,0,"2022-02-28 22:02:38","2022-02-28 22:02:38"
12633,"2018-03-10 00:00:00",1414,0,0,0,0,0,"2022-02-28 22:02:38","2022-02-28 22:02:38"
12634,"2018-03-16 00:00:00",1015,0,0,1,0,0,"2022-02-28 22:02:38","2022-02-28 22:02:38"
12635,"2018-03-28 00:00:00",1074,0,0,1,0,0,"2022-02-28 22:02:38","2022-02-28 22:02:38"
12636,"2018-03-24 00:00:00",1583,1,1,0,0,1,"2022-02-28 22:02:38","2022-02-28 22:02:38"
12637,"2018-03-11 00:00:00",873,0,0,0,0,0,"2022-02-28 22:02:38","2022-02-28 22:02:38"
12638,"2018-03-03 00:00:00",1650,0,1,0,1,1,"2022-02-28 22:02:38","2022-02-28 22:02:38"
12639,"2018-03-24 00:00:00",2104,1,1,1,1,0,"2022-02-28 22:02:38","2022-02-28 22:02:38"
12640,"2018-03-16 00:00:00",1328,0,0,1,1,1,"2022-02-28 22:02:38","2022-02-28 22:02:38"
12641,"2018-03-20 00:00:00",2390,1,0,0,0,0,"2022-02-28 22:02:38","2022-02-28 22:02:38"
12642,"2018-03-11 00:00:00",948,0,0,1,0,0,"2022-02-28 22:02:38","2022-02-28 22:02:38"
12643,"2018-03-06 00:00:00",1116,1,1,1,0,0,"2022-02-28 22:02:38","2022-02-28 22:02:38"
12644,"2018-03-02 00:00:00",1101,1,0,0,1,1,"2022-02-28 22:02:38","2022-02-28 22:02:38"
12645,"2018-04-24 00:00:00",1302,1,1,0,1,1,"2022-02-28 22:02:38","2022-02-28 22:02:38"
12646,"2018-04-04 00:00:00",1895,0,1,0,1,1,"2022-02-28 22:02:38","2022-02-28 22:02:38"
12647,"2018-04-24 00:00:00",1601,0,1,0,0,0,"2022-02-28 22:02:38","2022-02-28 22:02:38"
12648,"2018-04-24 00:00:00",1110,1,0,1,0,1,"2022-02-28 22:02:38","2022-02-28 22:02:38"
12649,"2018-04-06 00:00:00",2049,1,0,1,0,1,"2022-02-28 22:02:38","2022-02-28 22:02:38"
12650,"2018-04-17 00:00:00",598,1,0,0,1,0,"2022-02-28 22:02:38","2022-02-28 22:02:38"
12651,"2018-04-28 00:00:00",1023,0,1,0,0,1,"2022-02-28 22:02:38","2022-02-28 22:02:38"
12652,"2018-04-12 00:00:00",1638,1,1,0,1,1,"2022-02-28 22:02:38","2022-02-28 22:02:38"
12653,"2018-04-11 00:00:00",2076,1,1,0,0,1,"2022-02-28 22:02:38","2022-02-28 22:02:38"
12654,"2018-04-25 00:00:00",738,0,1,1,1,0,"2022-02-28 22:02:38","2022-02-28 22:02:38"
12655,"2018-04-13 00:00:00",1869,0,0,1,0,0,"2022-02-28 22:02:38","2022-02-28 22:02:38"
12656,"2018-04-22 00:00:00",2455,1,0,0,1,1,"2022-02-28 22:02:38","2022-02-28 22:02:38"
12657,"2018-04-06 00:00:00",1506,0,0,1,1,0,"2022-02-28 22:02:38","2022-02-28 22:02:38"
12658,"2018-04-19 00:00:00",1615,1,0,0,1,0,"2022-02-28 22:02:38","2022-02-28 22:02:38"
12659,"2018-04-23 00:00:00",2399,1,0,0,1,0,"2022-02-28 22:02:38","2022-02-28 22:02:38"
12660,"2018-04-16 00:00:00",761,0,1,0,0,0,"2022-02-28 22:02:38","2022-02-28 22:02:38"
12661,"2018-04-19 00:00:00",1553,1,0,0,1,1,"2022-02-28 22:02:38","2022-02-28 22:02:38"
12662,"2018-04-19 00:00:00",1873,0,1,1,0,0,"2022-02-28 22:02:38","2022-02-28 22:02:38"
12663,"2018-04-24 00:00:00",2190,0,1,1,1,1,"2022-02-28 22:02:38","2022-02-28 22:02:38"
12664,"2018-04-22 00:00:00",1150,1,0,0,0,0,"2022-02-28 22:02:38","2022-02-28 22:02:38"
12665,"2018-04-06 00:00:00",2495,1,1,1,1,1,"2022-02-28 22:02:38","2022-02-28 22:02:38"
12666,"2018-04-10 00:00:00",1211,1,0,1,1,0,"2022-02-28 22:02:38","2022-02-28 22:02:38"
12667,"2018-04-22 00:00:00",1944,0,0,0,0,0,"2022-02-28 22:02:38","2022-02-28 22:02:38"
12668,"2018-04-06 00:00:00",795,0,1,1,0,1,"2022-02-28 22:02:38","2022-02-28 22:02:38"
12669,"2018-04-23 00:00:00",1726,0,1,1,1,1,"2022-02-28 22:02:38","2022-02-28 22:02:38"
12670,"2018-04-26 00:00:00",1412,1,0,0,1,1,"2022-02-28 22:02:38","2022-02-28 22:02:38"
12671,"2018-04-19 00:00:00",681,1,0,1,1,0,"2022-02-28 22:02:38","2022-02-28 22:02:38"
12672,"2018-04-08 00:00:00",1428,1,1,0,0,0,"2022-02-28 22:02:38","2022-02-28 22:02:38"
12673,"2018-04-08 00:00:00",1891,1,0,0,1,1,"2022-02-28 22:02:38","2022-02-28 22:02:38"
12674,"2018-04-11 00:00:00",621,1,1,0,0,1,"2022-02-28 22:02:38","2022-02-28 22:02:38"
12675,"2018-04-12 00:00:00",1475,0,0,0,1,0,"2022-02-28 22:02:38","2022-02-28 22:02:38"
12676,"2018-04-29 00:00:00",2205,0,1,0,1,1,"2022-02-28 22:02:38","2022-02-28 22:02:38"
12677,"2018-04-25 00:00:00",555,1,0,0,1,0,"2022-02-28 22:02:38","2022-02-28 22:02:38"
12678,"2018-04-18 00:00:00",2437,0,1,0,1,1,"2022-02-28 22:02:38","2022-02-28 22:02:38"
12679,"2018-04-26 00:00:00",1837,0,0,1,1,1,"2022-02-28 22:02:38","2022-02-28 22:02:38"
12680,"2018-04-05 00:00:00",1798,1,0,1,0,1,"2022-02-28 22:02:38","2022-02-28 22:02:38"
12681,"2018-04-28 00:00:00",1759,0,0,0,1,0,"2022-02-28 22:02:38","2022-02-28 22:02:38"
12682,"2018-04-07 00:00:00",2125,0,0,1,0,0,"2022-02-28 22:02:38","2022-02-28 22:02:38"
12683,"2018-04-01 00:00:00",1429,0,1,0,1,1,"2022-02-28 22:02:38","2022-02-28 22:02:38"
12684,"2018-04-27 00:00:00",548,1,0,1,1,1,"2022-02-28 22:02:38","2022-02-28 22:02:38"
12685,"2018-04-07 00:00:00",2081,1,1,1,0,0,"2022-02-28 22:02:38","2022-02-28 22:02:38"
12686,"2018-04-17 00:00:00",940,1,0,0,0,1,"2022-02-28 22:02:38","2022-02-28 22:02:38"
12687,"2018-04-20 00:00:00",1835,1,1,1,0,1,"2022-02-28 22:02:38","2022-02-28 22:02:38"
12688,"2018-04-14 00:00:00",744,1,0,0,0,1,"2022-02-28 22:02:38","2022-02-28 22:02:38"
12689,"2018-04-15 00:00:00",1193,0,0,1,0,1,"2022-02-28 22:02:38","2022-02-28 22:02:38"
12690,"2018-04-05 00:00:00",1328,0,0,0,0,1,"2022-02-28 22:02:38","2022-02-28 22:02:38"
12691,"2018-04-10 00:00:00",1752,1,1,1,1,1,"2022-02-28 22:02:38","2022-02-28 22:02:38"
12692,"2018-04-23 00:00:00",614,1,0,0,1,1,"2022-02-28 22:02:38","2022-02-28 22:02:38"
12693,"2018-04-28 00:00:00",644,0,0,1,0,1,"2022-02-28 22:02:38","2022-02-28 22:02:38"
12694,"2018-04-03 00:00:00",2362,0,1,1,0,0,"2022-02-28 22:02:38","2022-02-28 22:02:38"
12695,"2018-04-21 00:00:00",1450,1,0,0,0,0,"2022-02-28 22:02:38","2022-02-28 22:02:38"
12696,"2018-04-02 00:00:00",2032,0,1,1,0,0,"2022-02-28 22:02:38","2022-02-28 22:02:38"
12697,"2018-04-12 00:00:00",516,0,0,0,0,0,"2022-02-28 22:02:38","2022-02-28 22:02:38"
12698,"2018-04-30 00:00:00",513,0,1,1,0,0,"2022-02-28 22:02:38","2022-02-28 22:02:38"
12699,"2018-04-25 00:00:00",677,1,1,1,1,1,"2022-02-28 22:02:38","2022-02-28 22:02:38"
12700,"2018-04-23 00:00:00",2050,1,0,0,1,1,"2022-02-28 22:02:38","2022-02-28 22:02:38"
12701,"2018-04-10 00:00:00",785,0,1,0,1,0,"2022-02-28 22:02:38","2022-02-28 22:02:38"
12702,"2018-04-12 00:00:00",1770,1,1,0,0,1,"2022-02-28 22:02:38","2022-02-28 22:02:38"
12703,"2018-04-03 00:00:00",2437,0,0,1,0,1,"2022-02-28 22:02:38","2022-02-28 22:02:38"
12704,"2018-04-14 00:00:00",595,0,0,1,1,0,"2022-02-28 22:02:38","2022-02-28 22:02:38"
12705,"2018-04-17 00:00:00",1868,1,1,0,1,0,"2022-02-28 22:02:38","2022-02-28 22:02:38"
12706,"2018-04-01 00:00:00",1300,0,1,0,0,1,"2022-02-28 22:02:38","2022-02-28 22:02:38"
12707,"2018-04-26 00:00:00",1830,0,0,1,1,0,"2022-02-28 22:02:38","2022-02-28 22:02:38"
12708,"2018-04-04 00:00:00",1893,0,1,1,1,0,"2022-02-28 22:02:38","2022-02-28 22:02:38"
12709,"2018-04-29 00:00:00",1256,0,1,1,0,0,"2022-02-28 22:02:38","2022-02-28 22:02:38"
12710,"2018-04-29 00:00:00",839,1,0,0,1,0,"2022-02-28 22:02:38","2022-02-28 22:02:38"
12711,"2018-04-16 00:00:00",1954,0,0,0,1,0,"2022-02-28 22:02:38","2022-02-28 22:02:38"
12712,"2018-04-12 00:00:00",2001,1,1,0,0,0,"2022-02-28 22:02:38","2022-02-28 22:02:38"
12713,"2018-04-04 00:00:00",1375,1,1,1,1,1,"2022-02-28 22:02:38","2022-02-28 22:02:38"
12714,"2018-04-25 00:00:00",1134,0,0,0,0,1,"2022-02-28 22:02:38","2022-02-28 22:02:38"
12715,"2018-04-25 00:00:00",2239,0,0,0,0,0,"2022-02-28 22:02:38","2022-02-28 22:02:38"
12716,"2018-04-15 00:00:00",2445,1,0,0,1,0,"2022-02-28 22:02:38","2022-02-28 22:02:38"
12717,"2018-04-13 00:00:00",1095,0,0,0,0,1,"2022-02-28 22:02:38","2022-02-28 22:02:38"
12718,"2018-04-30 00:00:00",2326,1,0,1,0,0,"2022-02-28 22:02:38","2022-02-28 22:02:38"
12719,"2018-04-06 00:00:00",1169,0,0,0,1,0,"2022-02-28 22:02:38","2022-02-28 22:02:38"
12720,"2018-04-22 00:00:00",1186,1,0,0,0,1,"2022-02-28 22:02:38","2022-02-28 22:02:38"
12721,"2018-04-11 00:00:00",1362,0,1,0,0,0,"2022-02-28 22:02:38","2022-02-28 22:02:38"
12722,"2018-04-28 00:00:00",1091,0,1,0,1,0,"2022-02-28 22:02:38","2022-02-28 22:02:38"
12723,"2018-04-17 00:00:00",1133,0,0,0,1,0,"2022-02-28 22:02:38","2022-02-28 22:02:38"
12724,"2018-04-22 00:00:00",1657,1,1,0,1,0,"2022-02-28 22:02:38","2022-02-28 22:02:38"
12725,"2018-04-17 00:00:00",1265,0,0,0,0,0,"2022-02-28 22:02:38","2022-02-28 22:02:38"
12726,"2018-04-14 00:00:00",2162,1,0,0,0,0,"2022-02-28 22:02:38","2022-02-28 22:02:38"
12727,"2018-04-28 00:00:00",1675,0,1,1,1,0,"2022-02-28 22:02:38","2022-02-28 22:02:38"
12728,"2018-04-08 00:00:00",1066,1,1,1,0,1,"2022-02-28 22:02:38","2022-02-28 22:02:38"
12729,"2018-04-06 00:00:00",1008,1,0,0,1,1,"2022-02-28 22:02:38","2022-02-28 22:02:38"
12730,"2018-04-14 00:00:00",508,0,0,1,1,0,"2022-02-28 22:02:38","2022-02-28 22:02:38"
12731,"2018-04-25 00:00:00",708,1,0,0,1,0,"2022-02-28 22:02:38","2022-02-28 22:02:38"
12732,"2018-04-10 00:00:00",2129,1,1,1,1,1,"2022-02-28 22:02:38","2022-02-28 22:02:38"
12733,"2018-04-12 00:00:00",1633,0,1,0,1,1,"2022-02-28 22:02:38","2022-02-28 22:02:38"
12734,"2018-04-07 00:00:00",954,1,1,1,0,0,"2022-02-28 22:02:38","2022-02-28 22:02:38"
12735,"2018-04-06 00:00:00",1413,1,1,1,1,0,"2022-02-28 22:02:38","2022-02-28 22:02:38"
12736,"2018-04-18 00:00:00",1674,0,0,1,0,1,"2022-02-28 22:02:38","2022-02-28 22:02:38"
12737,"2018-04-03 00:00:00",2246,1,1,0,0,1,"2022-02-28 22:02:38","2022-02-28 22:02:38"
12738,"2018-04-23 00:00:00",1700,0,1,0,1,1,"2022-02-28 22:02:38","2022-02-28 22:02:38"
12739,"2018-04-07 00:00:00",782,1,1,1,1,1,"2022-02-28 22:02:38","2022-02-28 22:02:38"
12740,"2018-04-05 00:00:00",2069,0,0,1,0,1,"2022-02-28 22:02:38","2022-02-28 22:02:38"
12741,"2018-04-02 00:00:00",1932,1,1,1,0,0,"2022-02-28 22:02:38","2022-02-28 22:02:38"
12742,"2018-04-23 00:00:00",1389,1,1,0,1,0,"2022-02-28 22:02:38","2022-02-28 22:02:38"
12743,"2018-04-05 00:00:00",1378,0,0,0,1,1,"2022-02-28 22:02:38","2022-02-28 22:02:38"
12744,"2018-04-24 00:00:00",1142,1,1,1,0,0,"2022-02-28 22:02:38","2022-02-28 22:02:38"
12745,"2018-04-11 00:00:00",1305,1,1,0,1,0,"2022-02-28 22:02:38","2022-02-28 22:02:38"
12746,"2018-04-27 00:00:00",790,1,0,1,1,1,"2022-02-28 22:02:38","2022-02-28 22:02:38"
12747,"2018-04-30 00:00:00",811,0,1,1,0,0,"2022-02-28 22:02:38","2022-02-28 22:02:38"
12748,"2018-04-26 00:00:00",1860,0,1,0,1,1,"2022-02-28 22:02:38","2022-02-28 22:02:38"
12749,"2018-04-06 00:00:00",1858,0,1,0,0,0,"2022-02-28 22:02:38","2022-02-28 22:02:38"
12750,"2018-04-16 00:00:00",1981,1,0,1,1,1,"2022-02-28 22:02:38","2022-02-28 22:02:38"
12751,"2018-04-11 00:00:00",1654,0,1,0,0,0,"2022-02-28 22:02:38","2022-02-28 22:02:38"
12752,"2018-04-19 00:00:00",2449,0,1,1,0,1,"2022-02-28 22:02:38","2022-02-28 22:02:38"
12753,"2018-04-13 00:00:00",2087,1,1,0,0,0,"2022-02-28 22:02:38","2022-02-28 22:02:38"
12754,"2018-04-29 00:00:00",1815,0,1,0,1,1,"2022-02-28 22:02:38","2022-02-28 22:02:38"
12755,"2018-04-26 00:00:00",781,1,1,1,1,1,"2022-02-28 22:02:38","2022-02-28 22:02:38"
12756,"2018-04-05 00:00:00",2428,1,0,0,0,0,"2022-02-28 22:02:38","2022-02-28 22:02:38"
12757,"2018-04-27 00:00:00",587,0,1,1,1,0,"2022-02-28 22:02:38","2022-02-28 22:02:38"
12758,"2018-04-02 00:00:00",1897,1,0,1,1,0,"2022-02-28 22:02:38","2022-02-28 22:02:38"
12759,"2018-04-29 00:00:00",517,0,1,0,1,1,"2022-02-28 22:02:38","2022-02-28 22:02:38"
12760,"2018-04-02 00:00:00",1705,0,1,1,1,0,"2022-02-28 22:02:38","2022-02-28 22:02:38"
12761,"2018-04-07 00:00:00",912,1,0,1,1,0,"2022-02-28 22:02:38","2022-02-28 22:02:38"
12762,"2018-04-02 00:00:00",2204,1,1,1,0,0,"2022-02-28 22:02:38","2022-02-28 22:02:38"
12763,"2018-04-02 00:00:00",2207,0,1,1,0,0,"2022-02-28 22:02:38","2022-02-28 22:02:38"
12764,"2018-04-23 00:00:00",1943,0,0,1,1,0,"2022-02-28 22:02:38","2022-02-28 22:02:38"
12765,"2018-04-29 00:00:00",1625,0,1,1,1,0,"2022-02-28 22:02:38","2022-02-28 22:02:38"
12766,"2018-04-30 00:00:00",762,1,0,1,1,0,"2022-02-28 22:02:38","2022-02-28 22:02:38"
12767,"2018-04-13 00:00:00",1595,0,0,0,1,0,"2022-02-28 22:02:38","2022-02-28 22:02:38"
12768,"2018-04-27 00:00:00",625,0,0,0,0,0,"2022-02-28 22:02:38","2022-02-28 22:02:38"
12769,"2018-04-09 00:00:00",1484,0,0,0,0,0,"2022-02-28 22:02:38","2022-02-28 22:02:38"
12770,"2018-04-30 00:00:00",1604,1,1,1,0,1,"2022-02-28 22:02:38","2022-02-28 22:02:38"
12771,"2018-04-08 00:00:00",1046,0,0,1,1,1,"2022-02-28 22:02:38","2022-02-28 22:02:38"
12772,"2018-04-06 00:00:00",694,0,0,1,0,1,"2022-02-28 22:02:38","2022-02-28 22:02:38"
12773,"2018-04-17 00:00:00",1248,1,1,1,0,1,"2022-02-28 22:02:38","2022-02-28 22:02:38"
12774,"2018-04-02 00:00:00",2111,1,0,1,0,1,"2022-02-28 22:02:38","2022-02-28 22:02:38"
12775,"2018-04-04 00:00:00",1648,0,1,1,1,1,"2022-02-28 22:02:38","2022-02-28 22:02:38"
12776,"2018-04-21 00:00:00",630,0,0,0,0,0,"2022-02-28 22:02:38","2022-02-28 22:02:38"
12777,"2018-04-19 00:00:00",1829,0,0,0,0,0,"2022-02-28 22:02:38","2022-02-28 22:02:38"
12778,"2018-04-21 00:00:00",2113,0,0,0,0,0,"2022-02-28 22:02:38","2022-02-28 22:02:38"
12779,"2018-04-18 00:00:00",734,1,1,0,1,0,"2022-02-28 22:02:38","2022-02-28 22:02:38"
12780,"2018-04-08 00:00:00",2177,1,0,1,0,1,"2022-02-28 22:02:38","2022-02-28 22:02:38"
12781,"2018-04-07 00:00:00",1923,0,0,1,0,1,"2022-02-28 22:02:38","2022-02-28 22:02:38"
12782,"2018-04-18 00:00:00",1340,0,1,0,0,1,"2022-02-28 22:02:38","2022-02-28 22:02:38"
12783,"2018-04-15 00:00:00",1282,1,0,0,1,0,"2022-02-28 22:02:38","2022-02-28 22:02:38"
12784,"2018-04-05 00:00:00",2479,1,1,0,1,1,"2022-02-28 22:02:38","2022-02-28 22:02:38"
12785,"2018-04-11 00:00:00",1206,0,1,1,1,0,"2022-02-28 22:02:38","2022-02-28 22:02:38"
12786,"2018-04-23 00:00:00",1116,1,0,0,0,1,"2022-02-28 22:02:38","2022-02-28 22:02:38"
12787,"2018-04-24 00:00:00",1845,0,1,0,1,0,"2022-02-28 22:02:38","2022-02-28 22:02:38"
12788,"2018-04-16 00:00:00",600,0,1,0,0,1,"2022-02-28 22:02:38","2022-02-28 22:02:38"
12789,"2018-04-01 00:00:00",812,1,1,1,0,0,"2022-02-28 22:02:38","2022-02-28 22:02:38"
12790,"2018-04-26 00:00:00",2278,1,1,0,1,0,"2022-02-28 22:02:38","2022-02-28 22:02:38"
12791,"2018-04-05 00:00:00",1488,1,0,1,0,0,"2022-02-28 22:02:38","2022-02-28 22:02:38"
12792,"2018-04-28 00:00:00",1445,0,1,0,0,1,"2022-02-28 22:02:38","2022-02-28 22:02:38"
12793,"2018-04-15 00:00:00",1677,1,0,0,0,0,"2022-02-28 22:02:38","2022-02-28 22:02:38"
12794,"2018-04-07 00:00:00",2143,0,0,0,0,1,"2022-02-28 22:02:38","2022-02-28 22:02:38"
12795,"2018-04-09 00:00:00",1124,0,1,1,1,0,"2022-02-28 22:02:38","2022-02-28 22:02:38"
12796,"2018-04-29 00:00:00",2076,1,0,0,0,1,"2022-02-28 22:02:38","2022-02-28 22:02:38"
12797,"2018-04-20 00:00:00",614,0,0,0,0,1,"2022-02-28 22:02:38","2022-02-28 22:02:38"
12798,"2018-04-22 00:00:00",854,1,0,1,0,1,"2022-02-28 22:02:38","2022-02-28 22:02:38"
12799,"2018-04-22 00:00:00",861,1,0,0,0,0,"2022-02-28 22:02:38","2022-02-28 22:02:38"
12800,"2018-04-17 00:00:00",2323,1,0,0,1,0,"2022-02-28 22:02:38","2022-02-28 22:02:38"
12801,"2018-04-29 00:00:00",508,0,0,0,1,1,"2022-02-28 22:02:38","2022-02-28 22:02:38"
12802,"2018-04-12 00:00:00",1484,1,0,1,1,0,"2022-02-28 22:02:38","2022-02-28 22:02:38"
12803,"2018-04-21 00:00:00",1273,0,1,1,0,0,"2022-02-28 22:02:38","2022-02-28 22:02:38"
12804,"2018-04-15 00:00:00",796,0,1,0,1,0,"2022-02-28 22:02:38","2022-02-28 22:02:38"
12805,"2018-04-26 00:00:00",681,0,1,1,1,0,"2022-02-28 22:02:38","2022-02-28 22:02:38"
12806,"2018-04-03 00:00:00",1639,1,1,1,1,1,"2022-02-28 22:02:38","2022-02-28 22:02:38"
12807,"2018-04-15 00:00:00",791,0,0,1,1,1,"2022-02-28 22:02:38","2022-02-28 22:02:38"
12808,"2018-04-06 00:00:00",845,1,1,1,0,1,"2022-02-28 22:02:38","2022-02-28 22:02:38"
12809,"2018-04-08 00:00:00",920,0,1,0,1,0,"2022-02-28 22:02:38","2022-02-28 22:02:38"
12810,"2018-04-25 00:00:00",2123,0,0,0,1,1,"2022-02-28 22:02:38","2022-02-28 22:02:38"
12811,"2018-04-07 00:00:00",1973,1,0,0,0,0,"2022-02-28 22:02:38","2022-02-28 22:02:38"
12812,"2018-04-16 00:00:00",2234,0,0,1,1,1,"2022-02-28 22:02:38","2022-02-28 22:02:38"
12813,"2018-04-14 00:00:00",1988,0,0,0,0,0,"2022-02-28 22:02:38","2022-02-28 22:02:38"
12814,"2018-04-16 00:00:00",2366,1,1,0,0,0,"2022-02-28 22:02:38","2022-02-28 22:02:38"
12815,"2018-04-15 00:00:00",1773,1,0,1,0,0,"2022-02-28 22:02:38","2022-02-28 22:02:38"
12816,"2018-04-09 00:00:00",1017,1,0,1,0,0,"2022-02-28 22:02:38","2022-02-28 22:02:38"
12817,"2018-04-08 00:00:00",1008,1,1,1,0,1,"2022-02-28 22:02:38","2022-02-28 22:02:38"
12818,"2018-04-21 00:00:00",1088,1,0,0,1,1,"2022-02-28 22:02:38","2022-02-28 22:02:38"
12819,"2018-04-08 00:00:00",923,1,0,1,0,1,"2022-02-28 22:02:38","2022-02-28 22:02:38"
12820,"2018-04-05 00:00:00",813,1,0,1,0,1,"2022-02-28 22:02:38","2022-02-28 22:02:38"
12821,"2018-04-18 00:00:00",1982,1,1,1,1,1,"2022-02-28 22:02:38","2022-02-28 22:02:38"
12822,"2018-04-20 00:00:00",549,1,1,0,1,1,"2022-02-28 22:02:38","2022-02-28 22:02:38"
12823,"2018-04-22 00:00:00",1389,0,0,1,0,1,"2022-02-28 22:02:38","2022-02-28 22:02:38"
12824,"2018-04-19 00:00:00",2268,0,0,0,1,1,"2022-02-28 22:02:38","2022-02-28 22:02:38"
12825,"2018-04-21 00:00:00",770,1,1,0,0,1,"2022-02-28 22:02:38","2022-02-28 22:02:38"
12826,"2018-04-26 00:00:00",887,1,0,1,1,0,"2022-02-28 22:02:38","2022-02-28 22:02:38"
12827,"2018-04-17 00:00:00",1758,1,0,1,1,0,"2022-02-28 22:02:38","2022-02-28 22:02:38"
12828,"2018-04-12 00:00:00",1018,1,0,1,0,1,"2022-02-28 22:02:38","2022-02-28 22:02:38"
12829,"2018-04-09 00:00:00",2162,1,1,0,1,0,"2022-02-28 22:02:38","2022-02-28 22:02:38"
12830,"2018-04-21 00:00:00",860,0,1,1,1,1,"2022-02-28 22:02:38","2022-02-28 22:02:38"
12831,"2018-04-24 00:00:00",1319,0,1,1,0,0,"2022-02-28 22:02:38","2022-02-28 22:02:38"
12832,"2018-04-08 00:00:00",1918,1,1,1,1,0,"2022-02-28 22:02:38","2022-02-28 22:02:38"
12833,"2018-04-04 00:00:00",732,0,1,1,1,0,"2022-02-28 22:02:38","2022-02-28 22:02:38"
12834,"2018-04-01 00:00:00",1019,1,1,0,1,0,"2022-02-28 22:02:38","2022-02-28 22:02:38"
12835,"2018-04-26 00:00:00",2415,0,1,1,0,0,"2022-02-28 22:02:38","2022-02-28 22:02:38"
12836,"2018-04-18 00:00:00",1538,1,0,1,1,0,"2022-02-28 22:02:38","2022-02-28 22:02:38"
12837,"2018-04-20 00:00:00",2279,1,0,1,1,0,"2022-02-28 22:02:38","2022-02-28 22:02:38"
12838,"2018-04-26 00:00:00",2218,0,0,0,0,0,"2022-02-28 22:02:38","2022-02-28 22:02:38"
12839,"2018-04-20 00:00:00",1653,1,0,1,0,0,"2022-02-28 22:02:38","2022-02-28 22:02:38"
12840,"2018-04-09 00:00:00",2436,1,1,1,0,1,"2022-02-28 22:02:38","2022-02-28 22:02:38"
12841,"2018-04-19 00:00:00",1673,0,0,0,1,0,"2022-02-28 22:02:38","2022-02-28 22:02:38"
12842,"2018-04-03 00:00:00",2332,0,0,0,1,1,"2022-02-28 22:02:38","2022-02-28 22:02:38"
12843,"2018-04-19 00:00:00",959,0,0,1,0,1,"2022-02-28 22:02:38","2022-02-28 22:02:38"
12844,"2018-04-27 00:00:00",837,1,0,0,1,1,"2022-02-28 22:02:38","2022-02-28 22:02:38"
12845,"2018-05-02 00:00:00",2434,0,0,1,1,0,"2022-02-28 22:02:38","2022-02-28 22:02:38"
12846,"2018-05-08 00:00:00",1778,1,1,0,1,1,"2022-02-28 22:02:38","2022-02-28 22:02:38"
12847,"2018-05-27 00:00:00",2417,0,0,1,1,1,"2022-02-28 22:02:38","2022-02-28 22:02:38"
12848,"2018-05-07 00:00:00",1775,1,1,0,0,0,"2022-02-28 22:02:38","2022-02-28 22:02:38"
12849,"2018-05-27 00:00:00",1210,0,1,0,1,0,"2022-02-28 22:02:38","2022-02-28 22:02:38"
12850,"2018-05-27 00:00:00",568,0,1,1,1,1,"2022-02-28 22:02:38","2022-02-28 22:02:38"
12851,"2018-05-22 00:00:00",724,1,0,1,1,0,"2022-02-28 22:02:38","2022-02-28 22:02:38"
12852,"2018-05-02 00:00:00",1760,1,1,1,1,1,"2022-02-28 22:02:38","2022-02-28 22:02:38"
12853,"2018-05-13 00:00:00",1345,1,1,1,1,0,"2022-02-28 22:02:38","2022-02-28 22:02:38"
12854,"2018-05-05 00:00:00",2094,1,1,0,0,0,"2022-02-28 22:02:38","2022-02-28 22:02:38"
12855,"2018-05-25 00:00:00",2241,1,1,1,0,0,"2022-02-28 22:02:38","2022-02-28 22:02:38"
12856,"2018-05-03 00:00:00",1488,1,1,0,1,1,"2022-02-28 22:02:38","2022-02-28 22:02:38"
12857,"2018-05-28 00:00:00",1028,1,1,1,1,1,"2022-02-28 22:02:38","2022-02-28 22:02:38"
12858,"2018-05-09 00:00:00",1252,0,0,1,1,0,"2022-02-28 22:02:38","2022-02-28 22:02:38"
12859,"2018-05-10 00:00:00",2445,0,0,1,0,0,"2022-02-28 22:02:38","2022-02-28 22:02:38"
12860,"2018-05-11 00:00:00",1525,1,0,1,1,0,"2022-02-28 22:02:38","2022-02-28 22:02:38"
12861,"2018-05-10 00:00:00",1157,1,0,0,1,0,"2022-02-28 22:02:38","2022-02-28 22:02:38"
12862,"2018-05-22 00:00:00",902,1,0,0,1,0,"2022-02-28 22:02:38","2022-02-28 22:02:38"
12863,"2018-05-01 00:00:00",2082,0,0,0,1,0,"2022-02-28 22:02:38","2022-02-28 22:02:38"
12864,"2018-05-22 00:00:00",1723,1,1,0,1,1,"2022-02-28 22:02:38","2022-02-28 22:02:38"
12865,"2018-05-06 00:00:00",1532,0,0,1,1,1,"2022-02-28 22:02:38","2022-02-28 22:02:38"
12866,"2018-05-14 00:00:00",972,0,0,1,0,0,"2022-02-28 22:02:38","2022-02-28 22:02:38"
12867,"2018-05-05 00:00:00",1089,0,1,0,1,1,"2022-02-28 22:02:38","2022-02-28 22:02:38"
12868,"2018-05-11 00:00:00",2400,1,1,1,1,1,"2022-02-28 22:02:38","2022-02-28 22:02:38"
12869,"2018-05-22 00:00:00",1667,1,1,1,1,0,"2022-02-28 22:02:38","2022-02-28 22:02:38"
12870,"2018-05-30 00:00:00",908,1,1,0,1,1,"2022-02-28 22:02:38","2022-02-28 22:02:38"
12871,"2018-05-10 00:00:00",1719,1,0,1,0,1,"2022-02-28 22:02:38","2022-02-28 22:02:38"
12872,"2018-05-24 00:00:00",1148,0,1,1,0,0,"2022-02-28 22:02:38","2022-02-28 22:02:38"
12873,"2018-05-15 00:00:00",1412,0,1,0,0,1,"2022-02-28 22:02:38","2022-02-28 22:02:38"
12874,"2018-05-06 00:00:00",1291,1,0,0,1,0,"2022-02-28 22:02:38","2022-02-28 22:02:38"
12875,"2018-05-06 00:00:00",1211,1,0,1,1,1,"2022-02-28 22:02:38","2022-02-28 22:02:38"
12876,"2018-05-07 00:00:00",995,1,0,1,1,0,"2022-02-28 22:02:38","2022-02-28 22:02:38"
12877,"2018-05-30 00:00:00",724,1,1,1,1,0,"2022-02-28 22:02:38","2022-02-28 22:02:38"
12878,"2018-05-02 00:00:00",1177,1,0,0,1,1,"2022-02-28 22:02:38","2022-02-28 22:02:38"
12879,"2018-05-12 00:00:00",2403,0,0,0,1,0,"2022-02-28 22:02:38","2022-02-28 22:02:38"
12880,"2018-05-09 00:00:00",1134,0,1,0,0,0,"2022-02-28 22:02:38","2022-02-28 22:02:38"
12881,"2018-05-13 00:00:00",2419,1,1,1,1,0,"2022-02-28 22:02:38","2022-02-28 22:02:38"
12882,"2018-05-20 00:00:00",1049,0,1,1,1,1,"2022-02-28 22:02:38","2022-02-28 22:02:38"
12883,"2018-05-06 00:00:00",1123,0,1,0,0,0,"2022-02-28 22:02:38","2022-02-28 22:02:38"
12884,"2018-05-02 00:00:00",1571,1,0,1,0,1,"2022-02-28 22:02:38","2022-02-28 22:02:38"
12885,"2018-05-17 00:00:00",1540,1,0,1,0,1,"2022-02-28 22:02:38","2022-02-28 22:02:38"
12886,"2018-05-15 00:00:00",2154,1,1,0,1,1,"2022-02-28 22:02:38","2022-02-28 22:02:38"
12887,"2018-05-12 00:00:00",1188,1,1,1,0,1,"2022-02-28 22:02:38","2022-02-28 22:02:38"
12888,"2018-05-07 00:00:00",2465,1,1,1,0,0,"2022-02-28 22:02:38","2022-02-28 22:02:38"
12889,"2018-05-08 00:00:00",1972,0,0,0,0,1,"2022-02-28 22:02:38","2022-02-28 22:02:38"
12890,"2018-05-21 00:00:00",947,0,1,1,0,0,"2022-02-28 22:02:38","2022-02-28 22:02:38"
12891,"2018-05-14 00:00:00",2032,0,1,0,1,1,"2022-02-28 22:02:38","2022-02-28 22:02:38"
12892,"2018-05-12 00:00:00",1409,0,1,1,0,1,"2022-02-28 22:02:38","2022-02-28 22:02:38"
12893,"2018-05-02 00:00:00",1353,0,1,0,1,1,"2022-02-28 22:02:38","2022-02-28 22:02:38"
12894,"2018-05-11 00:00:00",2449,1,1,0,1,0,"2022-02-28 22:02:38","2022-02-28 22:02:38"
12895,"2018-05-30 00:00:00",1602,1,0,1,0,1,"2022-02-28 22:02:38","2022-02-28 22:02:38"
12896,"2018-05-19 00:00:00",1400,0,0,1,0,1,"2022-02-28 22:02:38","2022-02-28 22:02:38"
12897,"2018-05-29 00:00:00",915,0,0,1,1,1,"2022-02-28 22:02:38","2022-02-28 22:02:38"
12898,"2018-05-02 00:00:00",601,0,0,1,1,1,"2022-02-28 22:02:38","2022-02-28 22:02:38"
12899,"2018-05-09 00:00:00",1898,1,0,0,0,0,"2022-02-28 22:02:38","2022-02-28 22:02:38"
12900,"2018-05-14 00:00:00",1852,1,1,0,1,1,"2022-02-28 22:02:38","2022-02-28 22:02:38"
12901,"2018-05-16 00:00:00",686,1,0,0,1,1,"2022-02-28 22:02:38","2022-02-28 22:02:38"
12902,"2018-05-29 00:00:00",1914,0,1,1,0,1,"2022-02-28 22:02:38","2022-02-28 22:02:38"
12903,"2018-05-06 00:00:00",689,0,1,1,0,1,"2022-02-28 22:02:38","2022-02-28 22:02:38"
12904,"2018-05-14 00:00:00",776,1,1,0,1,0,"2022-02-28 22:02:38","2022-02-28 22:02:38"
12905,"2018-05-15 00:00:00",1399,0,0,1,0,1,"2022-02-28 22:02:38","2022-02-28 22:02:38"
12906,"2018-05-07 00:00:00",2344,0,0,1,0,1,"2022-02-28 22:02:38","2022-02-28 22:02:38"
12907,"2018-05-24 00:00:00",1010,1,1,1,1,1,"2022-02-28 22:02:38","2022-02-28 22:02:38"
12908,"2018-05-27 00:00:00",1988,0,1,0,1,1,"2022-02-28 22:02:38","2022-02-28 22:02:38"
12909,"2018-05-05 00:00:00",634,0,1,1,0,0,"2022-02-28 22:02:38","2022-02-28 22:02:38"
12910,"2018-05-12 00:00:00",2100,0,0,1,1,0,"2022-02-28 22:02:38","2022-02-28 22:02:38"
12911,"2018-05-15 00:00:00",635,1,1,0,0,1,"2022-02-28 22:02:38","2022-02-28 22:02:38"
12912,"2018-05-11 00:00:00",1829,1,1,1,1,0,"2022-02-28 22:02:38","2022-02-28 22:02:38"
12913,"2018-05-17 00:00:00",582,1,0,0,1,1,"2022-02-28 22:02:38","2022-02-28 22:02:38"
12914,"2018-05-30 00:00:00",1884,1,0,0,0,0,"2022-02-28 22:02:38","2022-02-28 22:02:38"
12915,"2018-05-26 00:00:00",2203,0,1,1,0,0,"2022-02-28 22:02:38","2022-02-28 22:02:38"
12916,"2018-05-19 00:00:00",946,1,0,0,1,0,"2022-02-28 22:02:38","2022-02-28 22:02:38"
12917,"2018-05-02 00:00:00",716,0,1,1,1,1,"2022-02-28 22:02:38","2022-02-28 22:02:38"
12918,"2018-05-13 00:00:00",1625,0,1,0,1,1,"2022-02-28 22:02:38","2022-02-28 22:02:38"
12919,"2018-05-11 00:00:00",837,0,0,0,1,0,"2022-02-28 22:02:38","2022-02-28 22:02:38"
12920,"2018-05-19 00:00:00",2469,1,1,1,0,1,"2022-02-28 22:02:38","2022-02-28 22:02:38"
12921,"2018-05-17 00:00:00",1162,0,0,1,0,1,"2022-02-28 22:02:38","2022-02-28 22:02:38"
12922,"2018-05-16 00:00:00",1565,0,0,1,1,0,"2022-02-28 22:02:38","2022-02-28 22:02:38"
12923,"2018-05-18 00:00:00",2313,1,0,0,1,0,"2022-02-28 22:02:38","2022-02-28 22:02:38"
12924,"2018-05-12 00:00:00",741,1,0,0,1,1,"2022-02-28 22:02:38","2022-02-28 22:02:38"
12925,"2018-05-07 00:00:00",1845,1,0,1,0,0,"2022-02-28 22:02:38","2022-02-28 22:02:38"
12926,"2018-05-21 00:00:00",1325,0,1,1,0,1,"2022-02-28 22:02:38","2022-02-28 22:02:38"
12927,"2018-05-21 00:00:00",1570,1,1,1,0,1,"2022-02-28 22:02:38","2022-02-28 22:02:38"
12928,"2018-05-17 00:00:00",2209,0,0,1,1,1,"2022-02-28 22:02:38","2022-02-28 22:02:38"
12929,"2018-05-24 00:00:00",538,0,1,0,1,0,"2022-02-28 22:02:38","2022-02-28 22:02:38"
12930,"2018-05-21 00:00:00",1895,1,1,1,1,1,"2022-02-28 22:02:38","2022-02-28 22:02:38"
12931,"2018-05-30 00:00:00",2182,0,1,0,1,1,"2022-02-28 22:02:38","2022-02-28 22:02:38"
12932,"2018-05-23 00:00:00",1483,1,1,0,0,1,"2022-02-28 22:02:38","2022-02-28 22:02:38"
12933,"2018-05-05 00:00:00",1241,1,0,1,1,0,"2022-02-28 22:02:38","2022-02-28 22:02:38"
12934,"2018-05-25 00:00:00",1256,0,0,1,0,0,"2022-02-28 22:02:38","2022-02-28 22:02:38"
12935,"2018-05-17 00:00:00",2340,0,0,0,1,0,"2022-02-28 22:02:38","2022-02-28 22:02:38"
12936,"2018-05-23 00:00:00",2365,0,1,1,0,0,"2022-02-28 22:02:38","2022-02-28 22:02:38"
12937,"2018-05-26 00:00:00",651,1,1,0,0,0,"2022-02-28 22:02:38","2022-02-28 22:02:38"
12938,"2018-05-30 00:00:00",2141,0,1,0,0,1,"2022-02-28 22:02:38","2022-02-28 22:02:38"
12939,"2018-05-25 00:00:00",1358,0,1,1,1,1,"2022-02-28 22:02:38","2022-02-28 22:02:38"
12940,"2018-05-16 00:00:00",2094,1,0,0,0,0,"2022-02-28 22:02:38","2022-02-28 22:02:38"
12941,"2018-05-18 00:00:00",1962,0,1,1,1,0,"2022-02-28 22:02:38","2022-02-28 22:02:38"
12942,"2018-05-30 00:00:00",2055,1,0,1,0,0,"2022-02-28 22:02:38","2022-02-28 22:02:38"
12943,"2018-05-22 00:00:00",1542,1,0,1,1,1,"2022-02-28 22:02:38","2022-02-28 22:02:38"
12944,"2018-05-19 00:00:00",1339,0,1,1,1,0,"2022-02-28 22:02:38","2022-02-28 22:02:38"
12945,"2018-06-21 00:00:00",2284,1,0,1,0,1,"2022-02-28 22:02:38","2022-02-28 22:02:38"
12946,"2018-06-29 00:00:00",1340,1,1,1,1,1,"2022-02-28 22:02:38","2022-02-28 22:02:38"
12947,"2018-06-12 00:00:00",2041,0,0,0,0,1,"2022-02-28 22:02:38","2022-02-28 22:02:38"
12948,"2018-06-09 00:00:00",861,1,0,0,1,0,"2022-02-28 22:02:38","2022-02-28 22:02:38"
12949,"2018-06-22 00:00:00",1047,1,1,0,0,0,"2022-02-28 22:02:38","2022-02-28 22:02:38"
12950,"2018-06-14 00:00:00",2001,1,0,0,0,0,"2022-02-28 22:02:38","2022-02-28 22:02:38"
12951,"2018-06-26 00:00:00",1327,0,0,0,0,1,"2022-02-28 22:02:38","2022-02-28 22:02:38"
12952,"2018-06-21 00:00:00",2367,0,0,1,0,1,"2022-02-28 22:02:38","2022-02-28 22:02:38"
12953,"2018-06-27 00:00:00",1829,1,0,0,1,0,"2022-02-28 22:02:38","2022-02-28 22:02:38"
12954,"2018-06-09 00:00:00",1744,0,0,1,1,1,"2022-02-28 22:02:38","2022-02-28 22:02:38"
12955,"2018-06-06 00:00:00",878,0,1,0,0,0,"2022-02-28 22:02:38","2022-02-28 22:02:38"
12956,"2018-06-11 00:00:00",641,0,0,0,1,1,"2022-02-28 22:02:38","2022-02-28 22:02:38"
12957,"2018-06-26 00:00:00",1096,1,1,1,1,1,"2022-02-28 22:02:38","2022-02-28 22:02:38"
12958,"2018-06-21 00:00:00",1761,1,0,0,1,1,"2022-02-28 22:02:38","2022-02-28 22:02:38"
12959,"2018-06-15 00:00:00",875,1,0,0,1,1,"2022-02-28 22:02:38","2022-02-28 22:02:38"
12960,"2018-06-01 00:00:00",698,0,1,0,0,0,"2022-02-28 22:02:38","2022-02-28 22:02:38"
12961,"2018-06-30 00:00:00",1251,1,1,0,0,0,"2022-02-28 22:02:38","2022-02-28 22:02:38"
12962,"2018-06-17 00:00:00",1500,1,1,0,0,1,"2022-02-28 22:02:38","2022-02-28 22:02:38"
12963,"2018-06-30 00:00:00",2422,1,0,1,0,1,"2022-02-28 22:02:38","2022-02-28 22:02:38"
12964,"2018-06-22 00:00:00",1197,1,0,1,1,1,"2022-02-28 22:02:38","2022-02-28 22:02:38"
12965,"2018-06-01 00:00:00",1507,1,1,1,0,1,"2022-02-28 22:02:38","2022-02-28 22:02:38"
12966,"2018-06-28 00:00:00",609,0,0,1,0,1,"2022-02-28 22:02:38","2022-02-28 22:02:38"
12967,"2018-06-25 00:00:00",1339,1,0,1,0,1,"2022-02-28 22:02:38","2022-02-28 22:02:38"
12968,"2018-06-07 00:00:00",1730,0,0,1,0,0,"2022-02-28 22:02:38","2022-02-28 22:02:38"
12969,"2018-06-01 00:00:00",2164,1,1,1,1,1,"2022-02-28 22:02:38","2022-02-28 22:02:38"
12970,"2018-06-23 00:00:00",1791,0,0,1,0,1,"2022-02-28 22:02:38","2022-02-28 22:02:38"
12971,"2018-06-18 00:00:00",759,1,1,1,0,0,"2022-02-28 22:02:38","2022-02-28 22:02:38"
12972,"2018-06-14 00:00:00",1199,1,0,0,1,0,"2022-02-28 22:02:38","2022-02-28 22:02:38"
12973,"2018-06-28 00:00:00",1214,1,1,1,1,1,"2022-02-28 22:02:38","2022-02-28 22:02:38"
12974,"2018-06-13 00:00:00",2104,1,0,1,0,1,"2022-02-28 22:02:38","2022-02-28 22:02:38"
12975,"2018-06-09 00:00:00",538,1,0,1,0,1,"2022-02-28 22:02:38","2022-02-28 22:02:38"
12976,"2018-06-27 00:00:00",1951,0,0,1,0,0,"2022-02-28 22:02:38","2022-02-28 22:02:38"
12977,"2018-06-18 00:00:00",804,0,1,1,0,1,"2022-02-28 22:02:38","2022-02-28 22:02:38"
12978,"2018-06-08 00:00:00",1778,1,0,1,0,0,"2022-02-28 22:02:38","2022-02-28 22:02:38"
12979,"2018-06-22 00:00:00",1368,0,0,0,0,1,"2022-02-28 22:02:38","2022-02-28 22:02:38"
12980,"2018-06-21 00:00:00",1744,0,1,1,1,1,"2022-02-28 22:02:38","2022-02-28 22:02:38"
12981,"2018-06-10 00:00:00",844,1,0,0,0,1,"2022-02-28 22:02:38","2022-02-28 22:02:38"
12982,"2018-06-12 00:00:00",1769,1,1,1,1,1,"2022-02-28 22:02:38","2022-02-28 22:02:38"
12983,"2018-06-02 00:00:00",873,1,1,1,1,0,"2022-02-28 22:02:38","2022-02-28 22:02:38"
12984,"2018-06-07 00:00:00",2088,1,1,0,0,1,"2022-02-28 22:02:38","2022-02-28 22:02:38"
12985,"2018-06-04 00:00:00",520,0,1,0,1,0,"2022-02-28 22:02:38","2022-02-28 22:02:38"
12986,"2018-06-12 00:00:00",1642,1,1,0,1,1,"2022-02-28 22:02:38","2022-02-28 22:02:38"
12987,"2018-06-26 00:00:00",1261,1,1,1,0,1,"2022-02-28 22:02:38","2022-02-28 22:02:38"
12988,"2018-06-24 00:00:00",2266,0,0,1,1,0,"2022-02-28 22:02:38","2022-02-28 22:02:38"
12989,"2018-06-27 00:00:00",2302,0,0,1,1,1,"2022-02-28 22:02:38","2022-02-28 22:02:38"
12990,"2018-06-07 00:00:00",2191,0,1,1,0,1,"2022-02-28 22:02:38","2022-02-28 22:02:38"
12991,"2018-06-29 00:00:00",620,1,0,0,1,0,"2022-02-28 22:02:38","2022-02-28 22:02:38"
12992,"2018-06-10 00:00:00",874,1,1,1,0,1,"2022-02-28 22:02:38","2022-02-28 22:02:38"
12993,"2018-06-18 00:00:00",1217,1,0,1,0,1,"2022-02-28 22:02:38","2022-02-28 22:02:38"
12994,"2018-06-14 00:00:00",586,0,1,0,1,0,"2022-02-28 22:02:38","2022-02-28 22:02:38"
12995,"2018-06-19 00:00:00",972,0,1,1,0,1,"2022-02-28 22:02:38","2022-02-28 22:02:38"
12996,"2018-06-17 00:00:00",958,1,1,0,1,0,"2022-02-28 22:02:38","2022-02-28 22:02:38"
12997,"2018-06-16 00:00:00",1971,1,1,0,1,0,"2022-02-28 22:02:38","2022-02-28 22:02:38"
12998,"2018-06-04 00:00:00",1225,1,1,1,0,0,"2022-02-28 22:02:38","2022-02-28 22:02:38"
12999,"2018-06-25 00:00:00",1789,0,1,1,0,1,"2022-02-28 22:02:38","2022-02-28 22:02:38"
13000,"2018-06-29 00:00:00",523,0,1,0,1,1,"2022-02-28 22:02:38","2022-02-28 22:02:38"
13001,"2018-06-23 00:00:00",1548,1,1,1,1,1,"2022-02-28 22:02:38","2022-02-28 22:02:38"
13002,"2018-06-06 00:00:00",1524,0,0,1,0,0,"2022-02-28 22:02:38","2022-02-28 22:02:38"
13003,"2018-06-18 00:00:00",752,1,0,1,0,1,"2022-02-28 22:02:38","2022-02-28 22:02:38"
13004,"2018-06-07 00:00:00",1787,0,1,1,0,0,"2022-02-28 22:02:38","2022-02-28 22:02:38"
13005,"2018-06-02 00:00:00",1416,1,0,0,1,1,"2022-02-28 22:02:38","2022-02-28 22:02:38"
13006,"2018-06-16 00:00:00",1685,1,0,0,1,1,"2022-02-28 22:02:38","2022-02-28 22:02:38"
13007,"2018-06-15 00:00:00",920,0,0,0,0,0,"2022-02-28 22:02:38","2022-02-28 22:02:38"
13008,"2018-06-24 00:00:00",1976,1,1,1,0,1,"2022-02-28 22:02:38","2022-02-28 22:02:38"
13009,"2018-06-11 00:00:00",2353,1,1,1,1,0,"2022-02-28 22:02:38","2022-02-28 22:02:38"
13010,"2018-06-19 00:00:00",1045,1,0,1,1,0,"2022-02-28 22:02:38","2022-02-28 22:02:38"
13011,"2018-06-14 00:00:00",1998,1,0,1,0,0,"2022-02-28 22:02:38","2022-02-28 22:02:38"
13012,"2018-06-03 00:00:00",593,0,0,1,0,1,"2022-02-28 22:02:38","2022-02-28 22:02:38"
13013,"2018-06-06 00:00:00",1994,1,1,0,1,0,"2022-02-28 22:02:38","2022-02-28 22:02:38"
13014,"2018-06-13 00:00:00",1595,0,0,0,0,1,"2022-02-28 22:02:38","2022-02-28 22:02:38"
13015,"2018-06-22 00:00:00",2181,0,1,0,1,0,"2022-02-28 22:02:38","2022-02-28 22:02:38"
13016,"2018-06-16 00:00:00",2403,0,0,1,1,0,"2022-02-28 22:02:38","2022-02-28 22:02:38"
13017,"2018-06-08 00:00:00",1918,1,0,0,1,0,"2022-02-28 22:02:38","2022-02-28 22:02:38"
13018,"2018-06-11 00:00:00",1651,0,1,1,0,1,"2022-02-28 22:02:38","2022-02-28 22:02:38"
13019,"2018-06-28 00:00:00",541,1,1,1,0,0,"2022-02-28 22:02:38","2022-02-28 22:02:38"
13020,"2018-06-30 00:00:00",1164,1,1,0,0,0,"2022-02-28 22:02:38","2022-02-28 22:02:38"
13021,"2018-06-16 00:00:00",2289,0,1,0,0,0,"2022-02-28 22:02:38","2022-02-28 22:02:38"
13022,"2018-06-11 00:00:00",1519,0,1,1,0,1,"2022-02-28 22:02:38","2022-02-28 22:02:38"
13023,"2018-06-05 00:00:00",1840,1,0,1,1,1,"2022-02-28 22:02:38","2022-02-28 22:02:38"
13024,"2018-06-20 00:00:00",1798,0,0,0,0,1,"2022-02-28 22:02:38","2022-02-28 22:02:38"
13025,"2018-06-15 00:00:00",933,0,0,1,1,0,"2022-02-28 22:02:38","2022-02-28 22:02:38"
13026,"2018-06-27 00:00:00",2291,0,0,0,1,1,"2022-02-28 22:02:38","2022-02-28 22:02:38"
13027,"2018-06-28 00:00:00",648,1,0,0,1,0,"2022-02-28 22:02:38","2022-02-28 22:02:38"
13028,"2018-06-26 00:00:00",1933,1,0,1,0,0,"2022-02-28 22:02:38","2022-02-28 22:02:38"
13029,"2018-06-29 00:00:00",911,0,0,0,0,0,"2022-02-28 22:02:38","2022-02-28 22:02:38"
13030,"2018-06-10 00:00:00",2299,1,0,1,1,1,"2022-02-28 22:02:38","2022-02-28 22:02:38"
13031,"2018-06-27 00:00:00",620,0,1,1,0,0,"2022-02-28 22:02:38","2022-02-28 22:02:38"
13032,"2018-06-27 00:00:00",2418,0,1,0,1,0,"2022-02-28 22:02:38","2022-02-28 22:02:38"
13033,"2018-06-18 00:00:00",1785,1,0,0,0,0,"2022-02-28 22:02:38","2022-02-28 22:02:38"
13034,"2018-06-04 00:00:00",2139,1,1,1,0,0,"2022-02-28 22:02:38","2022-02-28 22:02:38"
13035,"2018-06-23 00:00:00",2023,0,1,1,1,1,"2022-02-28 22:02:38","2022-02-28 22:02:38"
13036,"2018-06-06 00:00:00",2099,0,0,0,0,1,"2022-02-28 22:02:38","2022-02-28 22:02:38"
13037,"2018-06-19 00:00:00",1559,1,0,0,1,0,"2022-02-28 22:02:38","2022-02-28 22:02:38"
13038,"2018-06-11 00:00:00",1277,0,0,0,1,1,"2022-02-28 22:02:38","2022-02-28 22:02:38"
13039,"2018-06-29 00:00:00",2487,1,1,0,0,1,"2022-02-28 22:02:38","2022-02-28 22:02:38"
13040,"2018-06-02 00:00:00",1717,0,0,0,1,1,"2022-02-28 22:02:38","2022-02-28 22:02:38"
13041,"2018-06-14 00:00:00",2342,1,1,0,0,0,"2022-02-28 22:02:38","2022-02-28 22:02:38"
13042,"2018-06-01 00:00:00",717,0,1,1,1,0,"2022-02-28 22:02:38","2022-02-28 22:02:38"
13043,"2018-06-16 00:00:00",1533,0,0,0,1,0,"2022-02-28 22:02:38","2022-02-28 22:02:38"
13044,"2018-06-23 00:00:00",751,1,0,1,0,0,"2022-02-28 22:02:38","2022-02-28 22:02:38"
13045,"2018-07-29 00:00:00",2277,1,0,0,0,1,"2022-02-28 22:02:38","2022-02-28 22:02:38"
13046,"2018-07-06 00:00:00",2205,0,0,0,0,1,"2022-02-28 22:02:38","2022-02-28 22:02:38"
13047,"2018-07-05 00:00:00",1095,1,0,0,0,1,"2022-02-28 22:02:38","2022-02-28 22:02:38"
13048,"2018-07-23 00:00:00",552,0,0,1,1,1,"2022-02-28 22:02:38","2022-02-28 22:02:38"
13049,"2018-07-24 00:00:00",2489,1,0,1,0,0,"2022-02-28 22:02:38","2022-02-28 22:02:38"
13050,"2018-07-21 00:00:00",2345,1,1,1,0,0,"2022-02-28 22:02:38","2022-02-28 22:02:38"
13051,"2018-07-05 00:00:00",1712,0,0,1,0,0,"2022-02-28 22:02:38","2022-02-28 22:02:38"
13052,"2018-07-23 00:00:00",2326,1,0,1,1,1,"2022-02-28 22:02:38","2022-02-28 22:02:38"
13053,"2018-07-06 00:00:00",505,0,0,0,1,1,"2022-02-28 22:02:38","2022-02-28 22:02:38"
13054,"2018-07-23 00:00:00",882,0,0,0,0,1,"2022-02-28 22:02:38","2022-02-28 22:02:38"
13055,"2018-07-18 00:00:00",837,1,0,0,1,0,"2022-02-28 22:02:38","2022-02-28 22:02:38"
13056,"2018-07-03 00:00:00",2418,0,1,1,0,1,"2022-02-28 22:02:38","2022-02-28 22:02:38"
13057,"2018-07-24 00:00:00",625,0,1,1,1,0,"2022-02-28 22:02:38","2022-02-28 22:02:38"
13058,"2018-07-20 00:00:00",1643,1,1,0,1,0,"2022-02-28 22:02:38","2022-02-28 22:02:38"
13059,"2018-07-28 00:00:00",1564,0,0,0,1,0,"2022-02-28 22:02:38","2022-02-28 22:02:38"
13060,"2018-07-13 00:00:00",1642,0,0,0,1,1,"2022-02-28 22:02:38","2022-02-28 22:02:38"
13061,"2018-07-24 00:00:00",1354,0,1,0,0,0,"2022-02-28 22:02:38","2022-02-28 22:02:38"
13062,"2018-07-13 00:00:00",1614,1,1,0,0,1,"2022-02-28 22:02:38","2022-02-28 22:02:38"
13063,"2018-07-03 00:00:00",1764,1,1,1,0,1,"2022-02-28 22:02:38","2022-02-28 22:02:38"
13064,"2018-07-18 00:00:00",1848,1,1,1,0,1,"2022-02-28 22:02:38","2022-02-28 22:02:38"
13065,"2018-07-08 00:00:00",953,1,1,0,1,1,"2022-02-28 22:02:38","2022-02-28 22:02:38"
13066,"2018-07-03 00:00:00",2009,0,0,0,0,1,"2022-02-28 22:02:38","2022-02-28 22:02:38"
13067,"2018-07-26 00:00:00",1726,0,1,0,1,1,"2022-02-28 22:02:38","2022-02-28 22:02:38"
13068,"2018-07-25 00:00:00",741,1,1,1,0,1,"2022-02-28 22:02:38","2022-02-28 22:02:38"
13069,"2018-07-17 00:00:00",2467,0,0,1,0,0,"2022-02-28 22:02:38","2022-02-28 22:02:38"
13070,"2018-07-15 00:00:00",775,0,1,1,1,1,"2022-02-28 22:02:38","2022-02-28 22:02:38"
13071,"2018-07-19 00:00:00",1545,1,0,0,1,0,"2022-02-28 22:02:38","2022-02-28 22:02:38"
13072,"2018-07-14 00:00:00",631,1,0,0,1,1,"2022-02-28 22:02:38","2022-02-28 22:02:38"
13073,"2018-07-24 00:00:00",2250,1,1,1,0,0,"2022-02-28 22:02:38","2022-02-28 22:02:38"
13074,"2018-07-07 00:00:00",1741,0,0,0,1,0,"2022-02-28 22:02:38","2022-02-28 22:02:38"
13075,"2018-07-28 00:00:00",1668,0,1,0,1,0,"2022-02-28 22:02:38","2022-02-28 22:02:38"
13076,"2018-07-20 00:00:00",1303,1,1,1,0,1,"2022-02-28 22:02:38","2022-02-28 22:02:38"
13077,"2018-07-07 00:00:00",691,1,0,1,1,0,"2022-02-28 22:02:38","2022-02-28 22:02:38"
13078,"2018-07-07 00:00:00",1157,1,0,1,1,0,"2022-02-28 22:02:38","2022-02-28 22:02:38"
13079,"2018-07-14 00:00:00",648,1,0,0,1,0,"2022-02-28 22:02:38","2022-02-28 22:02:38"
13080,"2018-07-05 00:00:00",563,0,0,1,1,1,"2022-02-28 22:02:38","2022-02-28 22:02:38"
13081,"2018-07-02 00:00:00",2040,1,1,1,0,1,"2022-02-28 22:02:38","2022-02-28 22:02:38"
13082,"2018-07-11 00:00:00",1211,0,0,1,0,0,"2022-02-28 22:02:38","2022-02-28 22:02:38"
13083,"2018-07-14 00:00:00",1666,0,1,1,1,0,"2022-02-28 22:02:38","2022-02-28 22:02:38"
13084,"2018-07-13 00:00:00",1140,0,1,0,0,0,"2022-02-28 22:02:38","2022-02-28 22:02:38"
13085,"2018-07-22 00:00:00",2108,0,0,0,0,1,"2022-02-28 22:02:38","2022-02-28 22:02:38"
13086,"2018-07-09 00:00:00",1734,1,0,0,0,1,"2022-02-28 22:02:38","2022-02-28 22:02:38"
13087,"2018-07-10 00:00:00",1281,0,0,0,0,0,"2022-02-28 22:02:38","2022-02-28 22:02:38"
13088,"2018-07-05 00:00:00",1926,0,0,1,0,1,"2022-02-28 22:02:38","2022-02-28 22:02:38"
13089,"2018-07-28 00:00:00",2095,1,0,0,1,0,"2022-02-28 22:02:38","2022-02-28 22:02:38"
13090,"2018-07-26 00:00:00",2199,0,0,1,1,1,"2022-02-28 22:02:38","2022-02-28 22:02:38"
13091,"2018-07-16 00:00:00",611,1,0,0,1,0,"2022-02-28 22:02:38","2022-02-28 22:02:38"
13092,"2018-07-02 00:00:00",2117,1,1,1,1,1,"2022-02-28 22:02:38","2022-02-28 22:02:38"
13093,"2018-07-23 00:00:00",1427,0,0,0,1,1,"2022-02-28 22:02:38","2022-02-28 22:02:38"
13094,"2018-07-13 00:00:00",2141,0,1,1,1,1,"2022-02-28 22:02:38","2022-02-28 22:02:38"
13095,"2018-07-19 00:00:00",1286,1,1,1,1,1,"2022-02-28 22:02:38","2022-02-28 22:02:38"
13096,"2018-07-26 00:00:00",521,1,1,1,0,0,"2022-02-28 22:02:38","2022-02-28 22:02:38"
13097,"2018-07-18 00:00:00",1002,0,1,1,0,1,"2022-02-28 22:02:38","2022-02-28 22:02:38"
13098,"2018-07-30 00:00:00",1425,1,0,0,0,0,"2022-02-28 22:02:38","2022-02-28 22:02:38"
13099,"2018-07-04 00:00:00",1796,1,1,0,1,1,"2022-02-28 22:02:38","2022-02-28 22:02:38"
13100,"2018-07-11 00:00:00",1627,1,1,1,1,0,"2022-02-28 22:02:38","2022-02-28 22:02:38"
13101,"2018-07-25 00:00:00",1019,1,0,1,0,0,"2022-02-28 22:02:38","2022-02-28 22:02:38"
13102,"2018-07-14 00:00:00",1492,0,0,0,1,0,"2022-02-28 22:02:38","2022-02-28 22:02:38"
13103,"2018-07-09 00:00:00",2220,0,1,1,1,1,"2022-02-28 22:02:38","2022-02-28 22:02:38"
13104,"2018-07-15 00:00:00",705,0,1,0,1,1,"2022-02-28 22:02:38","2022-02-28 22:02:38"
13105,"2018-07-06 00:00:00",1925,1,0,0,0,0,"2022-02-28 22:02:38","2022-02-28 22:02:38"
13106,"2018-07-11 00:00:00",1673,1,0,0,0,1,"2022-02-28 22:02:38","2022-02-28 22:02:38"
13107,"2018-07-20 00:00:00",2359,1,1,1,1,1,"2022-02-28 22:02:38","2022-02-28 22:02:38"
13108,"2018-07-02 00:00:00",1857,1,1,0,1,1,"2022-02-28 22:02:38","2022-02-28 22:02:38"
13109,"2018-07-28 00:00:00",2235,1,0,0,1,1,"2022-02-28 22:02:38","2022-02-28 22:02:38"
13110,"2018-07-15 00:00:00",1192,1,1,1,0,0,"2022-02-28 22:02:38","2022-02-28 22:02:38"
13111,"2018-07-13 00:00:00",1490,0,1,0,1,1,"2022-02-28 22:02:38","2022-02-28 22:02:38"
13112,"2018-07-15 00:00:00",2156,1,1,1,1,1,"2022-02-28 22:02:38","2022-02-28 22:02:38"
13113,"2018-07-05 00:00:00",2241,0,1,0,1,0,"2022-02-28 22:02:38","2022-02-28 22:02:38"
13114,"2018-07-08 00:00:00",2052,0,1,1,1,0,"2022-02-28 22:02:38","2022-02-28 22:02:38"
13115,"2018-07-10 00:00:00",1371,0,1,0,1,1,"2022-02-28 22:02:38","2022-02-28 22:02:38"
13116,"2018-07-22 00:00:00",1351,1,1,0,1,0,"2022-02-28 22:02:38","2022-02-28 22:02:38"
13117,"2018-07-11 00:00:00",1008,0,0,0,1,0,"2022-02-28 22:02:38","2022-02-28 22:02:38"
13118,"2018-07-04 00:00:00",1798,0,1,0,1,0,"2022-02-28 22:02:38","2022-02-28 22:02:38"
13119,"2018-07-01 00:00:00",1253,0,1,1,1,0,"2022-02-28 22:02:38","2022-02-28 22:02:38"
13120,"2018-07-08 00:00:00",1939,1,0,0,0,0,"2022-02-28 22:02:38","2022-02-28 22:02:38"
13121,"2018-07-25 00:00:00",2475,1,0,1,0,0,"2022-02-28 22:02:38","2022-02-28 22:02:38"
13122,"2018-07-13 00:00:00",1949,0,1,0,0,1,"2022-02-28 22:02:38","2022-02-28 22:02:38"
13123,"2018-07-25 00:00:00",1143,1,0,1,1,1,"2022-02-28 22:02:38","2022-02-28 22:02:38"
13124,"2018-07-01 00:00:00",2084,0,1,0,1,0,"2022-02-28 22:02:38","2022-02-28 22:02:38"
13125,"2018-07-22 00:00:00",2434,1,1,0,0,1,"2022-02-28 22:02:38","2022-02-28 22:02:38"
13126,"2018-07-25 00:00:00",2313,0,0,0,1,0,"2022-02-28 22:02:38","2022-02-28 22:02:38"
13127,"2018-07-25 00:00:00",500,0,1,0,0,0,"2022-02-28 22:02:38","2022-02-28 22:02:38"
13128,"2018-07-30 00:00:00",1977,1,0,1,0,1,"2022-02-28 22:02:38","2022-02-28 22:02:38"
13129,"2018-07-20 00:00:00",1195,1,1,1,0,0,"2022-02-28 22:02:38","2022-02-28 22:02:38"
13130,"2018-07-14 00:00:00",1163,0,0,0,0,1,"2022-02-28 22:02:38","2022-02-28 22:02:38"
13131,"2018-07-16 00:00:00",2010,1,0,0,1,1,"2022-02-28 22:02:38","2022-02-28 22:02:38"
13132,"2018-07-17 00:00:00",532,1,1,1,0,1,"2022-02-28 22:02:38","2022-02-28 22:02:38"
13133,"2018-07-23 00:00:00",2478,0,0,0,0,0,"2022-02-28 22:02:38","2022-02-28 22:02:38"
13134,"2018-07-15 00:00:00",1388,1,0,0,0,0,"2022-02-28 22:02:38","2022-02-28 22:02:38"
13135,"2018-07-24 00:00:00",1076,1,0,0,0,0,"2022-02-28 22:02:38","2022-02-28 22:02:38"
13136,"2018-07-01 00:00:00",564,0,0,1,1,1,"2022-02-28 22:02:38","2022-02-28 22:02:38"
13137,"2018-07-17 00:00:00",1225,0,0,1,0,0,"2022-02-28 22:02:38","2022-02-28 22:02:38"
13138,"2018-07-25 00:00:00",2295,0,1,1,1,0,"2022-02-28 22:02:38","2022-02-28 22:02:38"
13139,"2018-07-23 00:00:00",2285,1,0,1,1,1,"2022-02-28 22:02:38","2022-02-28 22:02:38"
13140,"2018-07-28 00:00:00",508,1,0,1,1,0,"2022-02-28 22:02:38","2022-02-28 22:02:38"
13141,"2018-07-06 00:00:00",1967,1,0,0,0,1,"2022-02-28 22:02:38","2022-02-28 22:02:38"
13142,"2018-07-10 00:00:00",1553,0,0,1,1,1,"2022-02-28 22:02:38","2022-02-28 22:02:38"
13143,"2018-07-03 00:00:00",2141,0,1,0,0,0,"2022-02-28 22:02:38","2022-02-28 22:02:38"
13144,"2018-07-29 00:00:00",2102,1,0,1,1,0,"2022-02-28 22:02:38","2022-02-28 22:02:38"
13145,"2018-08-05 00:00:00",1662,0,1,1,1,0,"2022-02-28 22:02:38","2022-02-28 22:02:38"
13146,"2018-08-27 00:00:00",910,0,1,0,0,0,"2022-02-28 22:02:38","2022-02-28 22:02:38"
13147,"2018-08-10 00:00:00",2402,0,1,0,1,0,"2022-02-28 22:02:38","2022-02-28 22:02:38"
13148,"2018-08-18 00:00:00",1731,1,0,0,0,0,"2022-02-28 22:02:38","2022-02-28 22:02:38"
13149,"2018-08-24 00:00:00",557,1,0,1,1,0,"2022-02-28 22:02:38","2022-02-28 22:02:38"
13150,"2018-08-10 00:00:00",1377,1,0,0,1,0,"2022-02-28 22:02:38","2022-02-28 22:02:38"
13151,"2018-08-30 00:00:00",2301,1,0,0,0,0,"2022-02-28 22:02:38","2022-02-28 22:02:38"
13152,"2018-08-03 00:00:00",1157,0,0,1,0,0,"2022-02-28 22:02:38","2022-02-28 22:02:38"
13153,"2018-08-06 00:00:00",629,1,0,1,1,0,"2022-02-28 22:02:38","2022-02-28 22:02:38"
13154,"2018-08-30 00:00:00",2255,0,1,0,1,0,"2022-02-28 22:02:38","2022-02-28 22:02:38"
13155,"2018-08-02 00:00:00",974,0,1,1,0,0,"2022-02-28 22:02:38","2022-02-28 22:02:38"
13156,"2018-08-17 00:00:00",1399,1,0,0,1,0,"2022-02-28 22:02:38","2022-02-28 22:02:38"
13157,"2018-08-02 00:00:00",1612,0,1,1,0,0,"2022-02-28 22:02:38","2022-02-28 22:02:38"
13158,"2018-08-03 00:00:00",2410,1,0,1,1,1,"2022-02-28 22:02:38","2022-02-28 22:02:38"
13159,"2018-08-26 00:00:00",1545,0,1,0,1,1,"2022-02-28 22:02:38","2022-02-28 22:02:38"
13160,"2018-08-14 00:00:00",1566,1,1,0,0,1,"2022-02-28 22:02:38","2022-02-28 22:02:38"
13161,"2018-08-23 00:00:00",703,1,0,0,1,1,"2022-02-28 22:02:38","2022-02-28 22:02:38"
13162,"2018-08-25 00:00:00",1441,1,1,1,1,1,"2022-02-28 22:02:38","2022-02-28 22:02:38"
13163,"2018-08-03 00:00:00",1005,1,1,1,0,1,"2022-02-28 22:02:38","2022-02-28 22:02:38"
13164,"2018-08-04 00:00:00",2163,1,0,0,1,0,"2022-02-28 22:02:38","2022-02-28 22:02:38"
13165,"2018-08-14 00:00:00",1835,1,0,1,1,1,"2022-02-28 22:02:38","2022-02-28 22:02:38"
13166,"2018-08-26 00:00:00",2033,0,1,1,1,1,"2022-02-28 22:02:38","2022-02-28 22:02:38"
13167,"2018-08-17 00:00:00",1950,1,1,0,0,0,"2022-02-28 22:02:38","2022-02-28 22:02:38"
13168,"2018-08-20 00:00:00",699,0,0,1,0,1,"2022-02-28 22:02:38","2022-02-28 22:02:38"
13169,"2018-08-30 00:00:00",817,0,0,1,0,0,"2022-02-28 22:02:38","2022-02-28 22:02:38"
13170,"2018-08-14 00:00:00",2435,1,0,1,0,1,"2022-02-28 22:02:38","2022-02-28 22:02:38"
13171,"2018-08-22 00:00:00",1216,0,0,0,1,0,"2022-02-28 22:02:38","2022-02-28 22:02:38"
13172,"2018-08-10 00:00:00",705,0,1,1,1,0,"2022-02-28 22:02:38","2022-02-28 22:02:38"
13173,"2018-08-17 00:00:00",2443,0,0,1,1,1,"2022-02-28 22:02:38","2022-02-28 22:02:38"
13174,"2018-08-26 00:00:00",1398,1,0,1,0,0,"2022-02-28 22:02:38","2022-02-28 22:02:38"
13175,"2018-08-24 00:00:00",2471,0,1,1,1,1,"2022-02-28 22:02:38","2022-02-28 22:02:38"
13176,"2018-08-22 00:00:00",1854,1,0,1,1,0,"2022-02-28 22:02:38","2022-02-28 22:02:38"
13177,"2018-08-28 00:00:00",675,0,0,1,0,1,"2022-02-28 22:02:38","2022-02-28 22:02:38"
13178,"2018-08-30 00:00:00",1035,1,0,0,0,0,"2022-02-28 22:02:38","2022-02-28 22:02:38"
13179,"2018-08-05 00:00:00",926,1,1,0,1,0,"2022-02-28 22:02:38","2022-02-28 22:02:38"
13180,"2018-08-12 00:00:00",2171,0,1,1,1,1,"2022-02-28 22:02:38","2022-02-28 22:02:38"
13181,"2018-08-30 00:00:00",2064,1,1,0,1,0,"2022-02-28 22:02:38","2022-02-28 22:02:38"
13182,"2018-08-25 00:00:00",934,1,1,0,1,1,"2022-02-28 22:02:38","2022-02-28 22:02:38"
13183,"2018-08-07 00:00:00",1681,0,1,1,1,1,"2022-02-28 22:02:38","2022-02-28 22:02:38"
13184,"2018-08-17 00:00:00",1556,1,0,1,0,1,"2022-02-28 22:02:38","2022-02-28 22:02:38"
13185,"2018-08-22 00:00:00",2111,1,0,0,1,1,"2022-02-28 22:02:38","2022-02-28 22:02:38"
13186,"2018-08-23 00:00:00",2048,0,0,1,1,1,"2022-02-28 22:02:38","2022-02-28 22:02:38"
13187,"2018-08-07 00:00:00",507,0,0,0,1,0,"2022-02-28 22:02:38","2022-02-28 22:02:38"
13188,"2018-08-13 00:00:00",1799,1,0,0,0,1,"2022-02-28 22:02:38","2022-02-28 22:02:38"
13189,"2018-08-11 00:00:00",2292,1,0,1,1,0,"2022-02-28 22:02:38","2022-02-28 22:02:38"
13190,"2018-08-23 00:00:00",2143,0,0,1,0,0,"2022-02-28 22:02:38","2022-02-28 22:02:38"
13191,"2018-08-17 00:00:00",2198,0,1,1,1,1,"2022-02-28 22:02:38","2022-02-28 22:02:38"
13192,"2018-08-08 00:00:00",581,1,0,0,1,0,"2022-02-28 22:02:38","2022-02-28 22:02:38"
13193,"2018-08-14 00:00:00",2364,1,1,0,0,0,"2022-02-28 22:02:38","2022-02-28 22:02:38"
13194,"2018-08-07 00:00:00",533,1,0,1,0,0,"2022-02-28 22:02:38","2022-02-28 22:02:38"
13195,"2018-08-23 00:00:00",1911,1,1,1,0,1,"2022-02-28 22:02:38","2022-02-28 22:02:38"
13196,"2018-08-21 00:00:00",1559,0,0,1,0,1,"2022-02-28 22:02:38","2022-02-28 22:02:38"
13197,"2018-08-16 00:00:00",2477,0,0,0,1,0,"2022-02-28 22:02:38","2022-02-28 22:02:38"
13198,"2018-08-22 00:00:00",878,0,0,0,0,0,"2022-02-28 22:02:38","2022-02-28 22:02:38"
13199,"2018-08-04 00:00:00",1090,0,0,1,0,0,"2022-02-28 22:02:38","2022-02-28 22:02:38"
13200,"2018-08-24 00:00:00",909,0,0,0,1,1,"2022-02-28 22:02:38","2022-02-28 22:02:38"
13201,"2018-08-11 00:00:00",833,0,1,0,0,0,"2022-02-28 22:02:38","2022-02-28 22:02:38"
13202,"2018-08-05 00:00:00",1031,1,1,1,0,0,"2022-02-28 22:02:38","2022-02-28 22:02:38"
13203,"2018-08-23 00:00:00",1947,0,1,0,1,0,"2022-02-28 22:02:38","2022-02-28 22:02:38"
13204,"2018-08-18 00:00:00",1757,1,1,0,1,1,"2022-02-28 22:02:38","2022-02-28 22:02:38"
13205,"2018-08-02 00:00:00",993,0,0,1,1,0,"2022-02-28 22:02:38","2022-02-28 22:02:38"
13206,"2018-08-05 00:00:00",1078,0,1,1,0,1,"2022-02-28 22:02:38","2022-02-28 22:02:38"
13207,"2018-08-20 00:00:00",1349,0,1,1,0,0,"2022-02-28 22:02:38","2022-02-28 22:02:38"
13208,"2018-08-05 00:00:00",1801,1,0,1,0,1,"2022-02-28 22:02:38","2022-02-28 22:02:38"
13209,"2018-08-03 00:00:00",511,1,0,0,0,1,"2022-02-28 22:02:38","2022-02-28 22:02:38"
13210,"2018-08-23 00:00:00",1709,0,0,0,1,1,"2022-02-28 22:02:38","2022-02-28 22:02:38"
13211,"2018-08-08 00:00:00",973,0,1,1,0,1,"2022-02-28 22:02:38","2022-02-28 22:02:38"
13212,"2018-08-19 00:00:00",747,0,0,1,0,1,"2022-02-28 22:02:38","2022-02-28 22:02:38"
13213,"2018-08-06 00:00:00",1102,1,0,0,1,0,"2022-02-28 22:02:38","2022-02-28 22:02:38"
13214,"2018-08-15 00:00:00",1878,0,1,0,1,1,"2022-02-28 22:02:38","2022-02-28 22:02:38"
13215,"2018-08-17 00:00:00",975,0,1,0,0,0,"2022-02-28 22:02:38","2022-02-28 22:02:38"
13216,"2018-08-19 00:00:00",803,1,1,0,0,1,"2022-02-28 22:02:38","2022-02-28 22:02:38"
13217,"2018-08-30 00:00:00",2339,1,1,0,1,1,"2022-02-28 22:02:38","2022-02-28 22:02:38"
13218,"2018-08-17 00:00:00",1340,1,0,1,0,0,"2022-02-28 22:02:38","2022-02-28 22:02:38"
13219,"2018-08-16 00:00:00",1539,1,1,0,1,1,"2022-02-28 22:02:38","2022-02-28 22:02:38"
13220,"2018-08-23 00:00:00",1364,0,0,0,1,1,"2022-02-28 22:02:38","2022-02-28 22:02:38"
13221,"2018-08-26 00:00:00",1083,1,0,0,0,1,"2022-02-28 22:02:38","2022-02-28 22:02:38"
13222,"2018-08-30 00:00:00",2380,1,0,1,1,0,"2022-02-28 22:02:38","2022-02-28 22:02:38"
13223,"2018-08-25 00:00:00",2238,0,1,0,0,1,"2022-02-28 22:02:38","2022-02-28 22:02:38"
13224,"2018-08-30 00:00:00",2192,0,1,1,1,1,"2022-02-28 22:02:38","2022-02-28 22:02:38"
13225,"2018-08-17 00:00:00",1302,1,1,0,0,0,"2022-02-28 22:02:38","2022-02-28 22:02:38"
13226,"2018-08-06 00:00:00",773,1,0,0,1,0,"2022-02-28 22:02:38","2022-02-28 22:02:38"
13227,"2018-08-28 00:00:00",2107,0,1,0,1,0,"2022-02-28 22:02:38","2022-02-28 22:02:38"
13228,"2018-08-25 00:00:00",1212,1,0,1,0,1,"2022-02-28 22:02:38","2022-02-28 22:02:38"
13229,"2018-08-28 00:00:00",1090,0,0,1,1,0,"2022-02-28 22:02:38","2022-02-28 22:02:38"
13230,"2018-08-11 00:00:00",1689,0,1,1,1,1,"2022-02-28 22:02:38","2022-02-28 22:02:38"
13231,"2018-08-11 00:00:00",1390,0,0,1,1,0,"2022-02-28 22:02:38","2022-02-28 22:02:38"
13232,"2018-08-17 00:00:00",2403,1,1,0,0,1,"2022-02-28 22:02:38","2022-02-28 22:02:38"
13233,"2018-08-30 00:00:00",1525,1,0,1,1,0,"2022-02-28 22:02:38","2022-02-28 22:02:38"
13234,"2018-08-07 00:00:00",2268,0,1,1,1,1,"2022-02-28 22:02:38","2022-02-28 22:02:38"
13235,"2018-08-26 00:00:00",1261,0,0,0,1,1,"2022-02-28 22:02:38","2022-02-28 22:02:38"
13236,"2018-08-02 00:00:00",1538,0,1,1,1,1,"2022-02-28 22:02:38","2022-02-28 22:02:38"
13237,"2018-08-17 00:00:00",1536,1,0,0,1,1,"2022-02-28 22:02:38","2022-02-28 22:02:38"
13238,"2018-08-14 00:00:00",1704,0,1,1,0,0,"2022-02-28 22:02:38","2022-02-28 22:02:38"
13239,"2018-08-18 00:00:00",2018,0,1,1,1,1,"2022-02-28 22:02:38","2022-02-28 22:02:38"
13240,"2018-08-21 00:00:00",1967,0,1,1,0,0,"2022-02-28 22:02:38","2022-02-28 22:02:38"
13241,"2018-08-08 00:00:00",1884,1,0,0,1,1,"2022-02-28 22:02:38","2022-02-28 22:02:38"
13242,"2018-08-03 00:00:00",2253,1,0,1,0,1,"2022-02-28 22:02:38","2022-02-28 22:02:38"
13243,"2018-08-26 00:00:00",1969,1,0,1,0,1,"2022-02-28 22:02:38","2022-02-28 22:02:38"
13244,"2018-08-03 00:00:00",667,0,0,0,0,0,"2022-02-28 22:02:38","2022-02-28 22:02:38"
13245,"2018-09-03 00:00:00",1584,0,0,0,0,1,"2022-02-28 22:02:38","2022-02-28 22:02:38"
13246,"2018-09-14 00:00:00",577,1,0,1,0,1,"2022-02-28 22:02:38","2022-02-28 22:02:38"
13247,"2018-09-29 00:00:00",2441,0,0,1,0,0,"2022-02-28 22:02:38","2022-02-28 22:02:38"
13248,"2018-09-20 00:00:00",616,1,0,1,1,1,"2022-02-28 22:02:38","2022-02-28 22:02:38"
13249,"2018-09-12 00:00:00",1801,1,1,0,1,0,"2022-02-28 22:02:38","2022-02-28 22:02:38"
13250,"2018-09-19 00:00:00",1613,0,0,1,0,1,"2022-02-28 22:02:38","2022-02-28 22:02:38"
13251,"2018-09-01 00:00:00",1893,0,1,0,0,1,"2022-02-28 22:02:38","2022-02-28 22:02:38"
13252,"2018-09-18 00:00:00",1280,0,1,1,1,1,"2022-02-28 22:02:38","2022-02-28 22:02:38"
13253,"2018-09-26 00:00:00",1698,1,1,0,0,0,"2022-02-28 22:02:38","2022-02-28 22:02:38"
13254,"2018-09-24 00:00:00",578,0,1,0,0,1,"2022-02-28 22:02:38","2022-02-28 22:02:38"
13255,"2018-09-28 00:00:00",2085,0,0,1,1,0,"2022-02-28 22:02:38","2022-02-28 22:02:38"
13256,"2018-09-11 00:00:00",1258,0,0,1,1,0,"2022-02-28 22:02:38","2022-02-28 22:02:38"
13257,"2018-09-01 00:00:00",1150,1,1,1,1,0,"2022-02-28 22:02:38","2022-02-28 22:02:38"
13258,"2018-09-15 00:00:00",762,1,1,0,1,0,"2022-02-28 22:02:38","2022-02-28 22:02:38"
13259,"2018-09-02 00:00:00",1418,0,0,0,0,0,"2022-02-28 22:02:38","2022-02-28 22:02:38"
13260,"2018-09-05 00:00:00",1784,1,1,1,1,1,"2022-02-28 22:02:38","2022-02-28 22:02:38"
13261,"2018-09-16 00:00:00",1278,0,1,1,0,1,"2022-02-28 22:02:38","2022-02-28 22:02:38"
13262,"2018-09-12 00:00:00",1312,0,1,1,0,1,"2022-02-28 22:02:38","2022-02-28 22:02:38"
13263,"2018-09-18 00:00:00",1755,0,1,1,1,0,"2022-02-28 22:02:38","2022-02-28 22:02:38"
13264,"2018-09-12 00:00:00",954,1,1,0,0,0,"2022-02-28 22:02:38","2022-02-28 22:02:38"
13265,"2018-09-01 00:00:00",1451,0,1,0,1,1,"2022-02-28 22:02:38","2022-02-28 22:02:38"
13266,"2018-09-06 00:00:00",2485,1,0,1,1,1,"2022-02-28 22:02:38","2022-02-28 22:02:38"
13267,"2018-09-08 00:00:00",2380,0,1,1,0,1,"2022-02-28 22:02:38","2022-02-28 22:02:38"
13268,"2018-09-13 00:00:00",1573,1,1,0,0,1,"2022-02-28 22:02:38","2022-02-28 22:02:38"
13269,"2018-09-04 00:00:00",2220,0,0,0,1,1,"2022-02-28 22:02:38","2022-02-28 22:02:38"
13270,"2018-09-09 00:00:00",2070,0,1,1,1,0,"2022-02-28 22:02:38","2022-02-28 22:02:38"
13271,"2018-09-16 00:00:00",1995,0,0,1,1,1,"2022-02-28 22:02:38","2022-02-28 22:02:38"
13272,"2018-09-29 00:00:00",578,0,0,0,0,1,"2022-02-28 22:02:38","2022-02-28 22:02:38"
13273,"2018-09-17 00:00:00",1142,0,1,0,0,1,"2022-02-28 22:02:38","2022-02-28 22:02:38"
13274,"2018-09-27 00:00:00",2023,1,1,0,1,1,"2022-02-28 22:02:38","2022-02-28 22:02:38"
13275,"2018-09-15 00:00:00",2391,0,1,1,0,0,"2022-02-28 22:02:38","2022-02-28 22:02:38"
13276,"2018-09-08 00:00:00",1337,1,1,1,0,0,"2022-02-28 22:02:38","2022-02-28 22:02:38"
13277,"2018-09-16 00:00:00",2384,0,0,0,1,1,"2022-02-28 22:02:38","2022-02-28 22:02:38"
13278,"2018-09-09 00:00:00",1782,0,1,0,0,0,"2022-02-28 22:02:38","2022-02-28 22:02:38"
13279,"2018-09-30 00:00:00",2458,0,0,0,1,1,"2022-02-28 22:02:38","2022-02-28 22:02:38"
13280,"2018-09-27 00:00:00",1680,1,0,1,1,0,"2022-02-28 22:02:38","2022-02-28 22:02:38"
13281,"2018-09-05 00:00:00",1528,0,0,0,0,0,"2022-02-28 22:02:38","2022-02-28 22:02:38"
13282,"2018-09-21 00:00:00",2386,1,1,1,1,1,"2022-02-28 22:02:38","2022-02-28 22:02:38"
13283,"2018-09-23 00:00:00",531,0,0,0,1,0,"2022-02-28 22:02:38","2022-02-28 22:02:38"
13284,"2018-09-19 00:00:00",2490,0,0,1,0,0,"2022-02-28 22:02:38","2022-02-28 22:02:38"
13285,"2018-09-22 00:00:00",1493,1,1,0,1,0,"2022-02-28 22:02:38","2022-02-28 22:02:38"
13286,"2018-09-18 00:00:00",2195,1,1,0,0,1,"2022-02-28 22:02:38","2022-02-28 22:02:38"
13287,"2018-09-25 00:00:00",1004,1,1,0,0,0,"2022-02-28 22:02:38","2022-02-28 22:02:38"
13288,"2018-09-21 00:00:00",698,1,0,0,1,0,"2022-02-28 22:02:38","2022-02-28 22:02:38"
13289,"2018-09-06 00:00:00",710,0,1,0,0,1,"2022-02-28 22:02:38","2022-02-28 22:02:38"
13290,"2018-09-20 00:00:00",858,0,1,0,1,0,"2022-02-28 22:02:38","2022-02-28 22:02:38"
13291,"2018-09-06 00:00:00",892,1,0,0,1,1,"2022-02-28 22:02:38","2022-02-28 22:02:38"
13292,"2018-09-24 00:00:00",2157,1,1,1,1,1,"2022-02-28 22:02:38","2022-02-28 22:02:38"
13293,"2018-09-17 00:00:00",1227,1,1,0,1,0,"2022-02-28 22:02:38","2022-02-28 22:02:38"
13294,"2018-09-04 00:00:00",733,0,0,0,1,0,"2022-02-28 22:02:38","2022-02-28 22:02:38"
13295,"2018-09-29 00:00:00",1471,1,0,1,0,1,"2022-02-28 22:02:38","2022-02-28 22:02:38"
13296,"2018-09-21 00:00:00",1546,0,1,0,1,1,"2022-02-28 22:02:38","2022-02-28 22:02:38"
13297,"2018-09-10 00:00:00",1391,0,0,0,0,0,"2022-02-28 22:02:38","2022-02-28 22:02:38"
13298,"2018-09-11 00:00:00",1971,1,0,1,0,1,"2022-02-28 22:02:38","2022-02-28 22:02:38"
13299,"2018-09-27 00:00:00",1609,0,1,1,1,1,"2022-02-28 22:02:38","2022-02-28 22:02:38"
13300,"2018-09-26 00:00:00",1868,1,0,1,1,1,"2022-02-28 22:02:38","2022-02-28 22:02:38"
13301,"2018-09-14 00:00:00",2057,0,0,0,1,1,"2022-02-28 22:02:38","2022-02-28 22:02:38"
13302,"2018-09-12 00:00:00",774,1,0,0,1,0,"2022-02-28 22:02:38","2022-02-28 22:02:38"
13303,"2018-09-11 00:00:00",1696,1,0,0,0,0,"2022-02-28 22:02:38","2022-02-28 22:02:38"
13304,"2018-09-05 00:00:00",1794,0,0,0,0,1,"2022-02-28 22:02:38","2022-02-28 22:02:38"
13305,"2018-09-16 00:00:00",1393,1,1,0,1,0,"2022-02-28 22:02:38","2022-02-28 22:02:38"
13306,"2018-09-11 00:00:00",2042,0,0,1,1,0,"2022-02-28 22:02:38","2022-02-28 22:02:38"
13307,"2018-09-29 00:00:00",1497,0,0,0,0,1,"2022-02-28 22:02:38","2022-02-28 22:02:38"
13308,"2018-09-27 00:00:00",2152,0,0,0,0,1,"2022-02-28 22:02:38","2022-02-28 22:02:38"
13309,"2018-09-01 00:00:00",643,1,0,0,1,1,"2022-02-28 22:02:38","2022-02-28 22:02:38"
13310,"2018-09-28 00:00:00",965,1,1,0,1,1,"2022-02-28 22:02:38","2022-02-28 22:02:38"
13311,"2018-09-07 00:00:00",1177,1,1,1,0,1,"2022-02-28 22:02:38","2022-02-28 22:02:38"
13312,"2018-09-13 00:00:00",856,0,1,0,0,0,"2022-02-28 22:02:38","2022-02-28 22:02:38"
13313,"2018-09-12 00:00:00",2473,0,1,1,0,1,"2022-02-28 22:02:38","2022-02-28 22:02:38"
13314,"2018-09-30 00:00:00",1112,0,0,0,1,1,"2022-02-28 22:02:38","2022-02-28 22:02:38"
13315,"2018-09-18 00:00:00",1104,0,1,0,1,1,"2022-02-28 22:02:38","2022-02-28 22:02:38"
13316,"2018-09-04 00:00:00",765,0,0,1,1,1,"2022-02-28 22:02:38","2022-02-28 22:02:38"
13317,"2018-09-25 00:00:00",2173,1,1,1,1,0,"2022-02-28 22:02:38","2022-02-28 22:02:38"
13318,"2018-09-14 00:00:00",1897,1,0,1,1,0,"2022-02-28 22:02:38","2022-02-28 22:02:38"
13319,"2018-09-20 00:00:00",1402,0,1,1,0,1,"2022-02-28 22:02:38","2022-02-28 22:02:38"
13320,"2018-09-06 00:00:00",1088,0,1,0,1,1,"2022-02-28 22:02:38","2022-02-28 22:02:38"
13321,"2018-09-07 00:00:00",1890,0,1,0,0,1,"2022-02-28 22:02:38","2022-02-28 22:02:38"
13322,"2018-09-06 00:00:00",526,0,0,1,1,0,"2022-02-28 22:02:38","2022-02-28 22:02:38"
13323,"2018-09-06 00:00:00",553,1,1,1,0,1,"2022-02-28 22:02:38","2022-02-28 22:02:38"
13324,"2018-09-14 00:00:00",1612,0,0,0,1,1,"2022-02-28 22:02:38","2022-02-28 22:02:38"
13325,"2018-09-01 00:00:00",1892,1,1,0,0,0,"2022-02-28 22:02:38","2022-02-28 22:02:38"
13326,"2018-09-07 00:00:00",1680,0,0,1,0,0,"2022-02-28 22:02:38","2022-02-28 22:02:38"
13327,"2018-09-06 00:00:00",999,0,1,0,1,1,"2022-02-28 22:02:38","2022-02-28 22:02:38"
13328,"2018-09-09 00:00:00",690,0,0,0,0,0,"2022-02-28 22:02:38","2022-02-28 22:02:38"
13329,"2018-09-05 00:00:00",1015,1,0,0,1,0,"2022-02-28 22:02:38","2022-02-28 22:02:38"
13330,"2018-09-04 00:00:00",2080,1,0,0,1,1,"2022-02-28 22:02:38","2022-02-28 22:02:38"
13331,"2018-09-16 00:00:00",1009,1,1,0,1,0,"2022-02-28 22:02:38","2022-02-28 22:02:38"
13332,"2018-09-15 00:00:00",1616,1,0,0,1,1,"2022-02-28 22:02:38","2022-02-28 22:02:38"
13333,"2018-09-19 00:00:00",630,1,0,1,0,0,"2022-02-28 22:02:38","2022-02-28 22:02:38"
13334,"2018-09-16 00:00:00",840,1,0,1,0,1,"2022-02-28 22:02:38","2022-02-28 22:02:38"
13335,"2018-09-14 00:00:00",2201,1,0,1,1,0,"2022-02-28 22:02:38","2022-02-28 22:02:38"
13336,"2018-09-10 00:00:00",2354,0,1,1,1,1,"2022-02-28 22:02:38","2022-02-28 22:02:38"
13337,"2018-09-02 00:00:00",1008,0,1,0,1,0,"2022-02-28 22:02:38","2022-02-28 22:02:38"
13338,"2018-09-12 00:00:00",1715,1,1,0,1,1,"2022-02-28 22:02:38","2022-02-28 22:02:38"
13339,"2018-09-27 00:00:00",1496,1,0,0,1,1,"2022-02-28 22:02:38","2022-02-28 22:02:38"
13340,"2018-09-03 00:00:00",2314,0,1,0,0,0,"2022-02-28 22:02:38","2022-02-28 22:02:38"
13341,"2018-09-29 00:00:00",758,1,0,1,0,0,"2022-02-28 22:02:38","2022-02-28 22:02:38"
13342,"2018-09-01 00:00:00",1427,1,0,1,0,0,"2022-02-28 22:02:38","2022-02-28 22:02:38"
13343,"2018-09-22 00:00:00",1101,0,0,1,1,1,"2022-02-28 22:02:38","2022-02-28 22:02:38"
13344,"2018-09-06 00:00:00",843,1,0,0,1,1,"2022-02-28 22:02:38","2022-02-28 22:02:38"
